algorithm,dataset,size,seed,repetition,runtime_ns,comparisons,writes,partition_calls,max_recursion_depth,peak_mem_bytes,correct,error
builtin_sorted,random,1000,1,0,4974300,8625,0,0,0,122996,True,
builtin_sorted,random,1000,1,1,5175000,8625,0,0,0,122852,True,
builtin_sorted,random,1000,1,2,4677800,8625,0,0,0,122820,True,
builtin_sorted,random,1000,1,3,5933800,8625,0,0,0,122772,True,
builtin_sorted,random,1000,1,4,6757400,8625,0,0,0,122740,True,
builtin_sorted,random,1000,2,0,5625900,8636,0,0,0,122708,True,
builtin_sorted,random,1000,2,1,7477800,8636,0,0,0,122676,True,
builtin_sorted,random,1000,2,2,7793400,8636,0,0,0,122628,True,
builtin_sorted,random,1000,2,3,5525900,8636,0,0,0,122596,True,
builtin_sorted,random,1000,2,4,5589200,8636,0,0,0,122564,True,
builtin_sorted,random,1000,3,0,7453200,8640,0,0,0,122532,True,
builtin_sorted,random,1000,3,1,8594700,8640,0,0,0,122484,True,
builtin_sorted,random,1000,3,2,5052300,8640,0,0,0,122460,True,
builtin_sorted,random,1000,3,3,4757700,8640,0,0,0,122444,True,
builtin_sorted,random,1000,3,4,5091300,8640,0,0,0,122444,True,
builtin_sorted,random,5000,1,0,31601100,54907,0,0,0,604492,True,
builtin_sorted,random,5000,1,1,31474600,54907,0,0,0,604492,True,
builtin_sorted,random,5000,1,2,31604800,54907,0,0,0,604492,True,
builtin_sorted,random,5000,1,3,31746100,54907,0,0,0,604492,True,
builtin_sorted,random,5000,1,4,33631900,54907,0,0,0,604492,True,
builtin_sorted,random,5000,2,0,31353500,54910,0,0,0,604492,True,
builtin_sorted,random,5000,2,1,37729700,54910,0,0,0,604492,True,
builtin_sorted,random,5000,2,2,30458900,54910,0,0,0,604492,True,
builtin_sorted,random,5000,2,3,32184300,54910,0,0,0,604492,True,
builtin_sorted,random,5000,2,4,30156800,54910,0,0,0,604492,True,
builtin_sorted,random,5000,3,0,30124600,54863,0,0,0,604492,True,
builtin_sorted,random,5000,3,1,31805600,54863,0,0,0,604492,True,
builtin_sorted,random,5000,3,2,32427500,54863,0,0,0,604780,True,
builtin_sorted,random,5000,3,3,29985400,54863,0,0,0,604492,True,
builtin_sorted,random,5000,3,4,31330800,54863,0,0,0,604492,True,
builtin_sorted,random,10000,1,0,65140100,119820,0,0,0,1211084,True,
builtin_sorted,random,10000,1,1,68126200,119820,0,0,0,1211084,True,
builtin_sorted,random,10000,1,2,66013900,119820,0,0,0,1211084,True,
builtin_sorted,random,10000,1,3,71272900,119820,0,0,0,1211084,True,
builtin_sorted,random,10000,1,4,68166400,119820,0,0,0,1211084,True,
builtin_sorted,random,10000,2,0,69935800,119789,0,0,0,1211088,True,
builtin_sorted,random,10000,2,1,65694300,119789,0,0,0,1211084,True,
builtin_sorted,random,10000,2,2,68098100,119789,0,0,0,1211084,True,
builtin_sorted,random,10000,2,3,66109000,119789,0,0,0,1211372,True,
builtin_sorted,random,10000,2,4,65968500,119789,0,0,0,1211084,True,
builtin_sorted,random,10000,3,0,65283400,119817,0,0,0,1211084,True,
builtin_sorted,random,10000,3,1,66311800,119817,0,0,0,1211084,True,
builtin_sorted,random,10000,3,2,67349800,119817,0,0,0,1211084,True,
builtin_sorted,random,10000,3,3,66539100,119817,0,0,0,1211084,True,
builtin_sorted,random,10000,3,4,65319100,119817,0,0,0,1211084,True,
builtin_sorted,reverse,1000,1,0,435000,999,0,0,0,122444,True,
builtin_sorted,reverse,1000,1,1,456700,999,0,0,0,122444,True,
builtin_sorted,reverse,1000,1,2,441600,999,0,0,0,122444,True,
builtin_sorted,reverse,1000,1,3,482200,999,0,0,0,122444,True,
builtin_sorted,reverse,1000,1,4,462100,999,0,0,0,122444,True,
builtin_sorted,reverse,1000,2,0,431300,999,0,0,0,122444,True,
builtin_sorted,reverse,1000,2,1,484700,999,0,0,0,122444,True,
builtin_sorted,reverse,1000,2,2,460300,999,0,0,0,122444,True,
builtin_sorted,reverse,1000,2,3,443100,999,0,0,0,122444,True,
builtin_sorted,reverse,1000,2,4,445400,999,0,0,0,122444,True,
builtin_sorted,reverse,1000,3,0,450500,999,0,0,0,122444,True,
builtin_sorted,reverse,1000,3,1,436500,999,0,0,0,122444,True,
builtin_sorted,reverse,1000,3,2,772900,999,0,0,0,122444,True,
builtin_sorted,reverse,1000,3,3,463100,999,0,0,0,122444,True,
builtin_sorted,reverse,1000,3,4,445200,999,0,0,0,122444,True,
builtin_sorted,reverse,5000,1,0,2900700,4999,0,0,0,604492,True,
builtin_sorted,reverse,5000,1,1,2643300,4999,0,0,0,604496,True,
builtin_sorted,reverse,5000,1,2,2697300,4999,0,0,0,604492,True,
builtin_sorted,reverse,5000,1,3,2675000,4999,0,0,0,604780,True,
builtin_sorted,reverse,5000,1,4,2640400,4999,0,0,0,604492,True,
builtin_sorted,reverse,5000,2,0,2685800,4999,0,0,0,604492,True,
builtin_sorted,reverse,5000,2,1,2751900,4999,0,0,0,604492,True,
builtin_sorted,reverse,5000,2,2,2567200,4999,0,0,0,604492,True,
builtin_sorted,reverse,5000,2,3,2672500,4999,0,0,0,604492,True,
builtin_sorted,reverse,5000,2,4,2640600,4999,0,0,0,604492,True,
builtin_sorted,reverse,5000,3,0,2642700,4999,0,0,0,604492,True,
builtin_sorted,reverse,5000,3,1,2663500,4999,0,0,0,604492,True,
builtin_sorted,reverse,5000,3,2,2622500,4999,0,0,0,604492,True,
builtin_sorted,reverse,5000,3,3,2627100,4999,0,0,0,604492,True,
builtin_sorted,reverse,5000,3,4,2649200,4999,0,0,0,604492,True,
builtin_sorted,reverse,10000,1,0,6040700,9999,0,0,0,1211084,True,
builtin_sorted,reverse,10000,1,1,5328000,9999,0,0,0,1211084,True,
builtin_sorted,reverse,10000,1,2,5349600,9999,0,0,0,1211084,True,
builtin_sorted,reverse,10000,1,3,5253100,9999,0,0,0,1211372,True,
builtin_sorted,reverse,10000,1,4,5426700,9999,0,0,0,1211084,True,
builtin_sorted,reverse,10000,2,0,5517000,9999,0,0,0,1211084,True,
builtin_sorted,reverse,10000,2,1,5473500,9999,0,0,0,1211084,True,
builtin_sorted,reverse,10000,2,2,5656100,9999,0,0,0,1211084,True,
builtin_sorted,reverse,10000,2,3,5353000,9999,0,0,0,1211084,True,
builtin_sorted,reverse,10000,2,4,5311800,9999,0,0,0,1211084,True,
builtin_sorted,reverse,10000,3,0,5700100,9999,0,0,0,1211084,True,
builtin_sorted,reverse,10000,3,1,5547000,9999,0,0,0,1211084,True,
builtin_sorted,reverse,10000,3,2,5276700,9999,0,0,0,1211084,True,
builtin_sorted,reverse,10000,3,3,5448500,9999,0,0,0,1211372,True,
builtin_sorted,reverse,10000,3,4,5530000,9999,0,0,0,1211084,True,
builtin_sorted,presorted,1000,1,0,478000,999,0,0,0,122444,True,
builtin_sorted,presorted,1000,1,1,539100,999,0,0,0,122444,True,
builtin_sorted,presorted,1000,1,2,438600,999,0,0,0,122444,True,
builtin_sorted,presorted,1000,1,3,443800,999,0,0,0,122444,True,
builtin_sorted,presorted,1000,1,4,443700,999,0,0,0,122444,True,
builtin_sorted,presorted,1000,2,0,446400,999,0,0,0,122444,True,
builtin_sorted,presorted,1000,2,1,444600,999,0,0,0,122444,True,
builtin_sorted,presorted,1000,2,2,518000,999,0,0,0,122444,True,
builtin_sorted,presorted,1000,2,3,436000,999,0,0,0,122444,True,
builtin_sorted,presorted,1000,2,4,449200,999,0,0,0,122444,True,
builtin_sorted,presorted,1000,3,0,508500,999,0,0,0,122444,True,
builtin_sorted,presorted,1000,3,1,523300,999,0,0,0,122444,True,
builtin_sorted,presorted,1000,3,2,439500,999,0,0,0,122444,True,
builtin_sorted,presorted,1000,3,3,487300,999,0,0,0,122444,True,
builtin_sorted,presorted,1000,3,4,549500,999,0,0,0,122444,True,
builtin_sorted,presorted,5000,1,0,2816500,4999,0,0,0,604492,True,
builtin_sorted,presorted,5000,1,1,2594800,4999,0,0,0,604492,True,
builtin_sorted,presorted,5000,1,2,2786700,4999,0,0,0,604492,True,
builtin_sorted,presorted,5000,1,3,2688100,4999,0,0,0,604492,True,
builtin_sorted,presorted,5000,1,4,2951600,4999,0,0,0,604492,True,
builtin_sorted,presorted,5000,2,0,2660800,4999,0,0,0,604492,True,
builtin_sorted,presorted,5000,2,1,2656100,4999,0,0,0,604492,True,
builtin_sorted,presorted,5000,2,2,2649800,4999,0,0,0,604492,True,
builtin_sorted,presorted,5000,2,3,2598100,4999,0,0,0,604492,True,
builtin_sorted,presorted,5000,2,4,2697700,4999,0,0,0,604492,True,
builtin_sorted,presorted,5000,3,0,2719300,4999,0,0,0,604492,True,
builtin_sorted,presorted,5000,3,1,2829100,4999,0,0,0,604492,True,
builtin_sorted,presorted,5000,3,2,2595400,4999,0,0,0,604492,True,
builtin_sorted,presorted,5000,3,3,2743300,4999,0,0,0,604780,True,
builtin_sorted,presorted,5000,3,4,2737900,4999,0,0,0,604492,True,
builtin_sorted,presorted,10000,1,0,5416700,9999,0,0,0,1211084,True,
builtin_sorted,presorted,10000,1,1,5312400,9999,0,0,0,1211084,True,
builtin_sorted,presorted,10000,1,2,5496500,9999,0,0,0,1211084,True,
builtin_sorted,presorted,10000,1,3,5271000,9999,0,0,0,1211084,True,
builtin_sorted,presorted,10000,1,4,5354100,9999,0,0,0,1211084,True,
builtin_sorted,presorted,10000,2,0,5296300,9999,0,0,0,1211084,True,
builtin_sorted,presorted,10000,2,1,5307700,9999,0,0,0,1211084,True,
builtin_sorted,presorted,10000,2,2,5258100,9999,0,0,0,1211084,True,
builtin_sorted,presorted,10000,2,3,5314800,9999,0,0,0,1211372,True,
builtin_sorted,presorted,10000,2,4,5360200,9999,0,0,0,1211084,True,
builtin_sorted,presorted,10000,3,0,5667800,9999,0,0,0,1211084,True,
builtin_sorted,presorted,10000,3,1,5542200,9999,0,0,0,1211084,True,
builtin_sorted,presorted,10000,3,2,5326500,9999,0,0,0,1211084,True,
builtin_sorted,presorted,10000,3,3,5695400,9999,0,0,0,1211084,True,
builtin_sorted,presorted,10000,3,4,5490000,9999,0,0,0,1211084,True,
builtin_sorted,presorted_10pct_swaps,1000,1,0,3742200,6880,0,0,0,122444,True,
builtin_sorted,presorted_10pct_swaps,1000,1,1,3851200,6880,0,0,0,122444,True,
builtin_sorted,presorted_10pct_swaps,1000,1,2,3647900,6880,0,0,0,122444,True,
builtin_sorted,presorted_10pct_swaps,1000,1,3,3747900,6880,0,0,0,122444,True,
builtin_sorted,presorted_10pct_swaps,1000,1,4,3746200,6880,0,0,0,122444,True,
builtin_sorted,presorted_10pct_swaps,1000,2,0,3414600,6414,0,0,0,122444,True,
builtin_sorted,presorted_10pct_swaps,1000,2,1,3400500,6414,0,0,0,122444,True,
builtin_sorted,presorted_10pct_swaps,1000,2,2,3427000,6414,0,0,0,122444,True,
builtin_sorted,presorted_10pct_swaps,1000,2,3,4132500,6414,0,0,0,122444,True,
builtin_sorted,presorted_10pct_swaps,1000,2,4,3462700,6414,0,0,0,122444,True,
builtin_sorted,presorted_10pct_swaps,1000,3,0,3749700,6501,0,0,0,122444,True,
builtin_sorted,presorted_10pct_swaps,1000,3,1,3457100,6501,0,0,0,122444,True,
builtin_sorted,presorted_10pct_swaps,1000,3,2,3490700,6501,0,0,0,122444,True,
builtin_sorted,presorted_10pct_swaps,1000,3,3,3524900,6501,0,0,0,122444,True,
builtin_sorted,presorted_10pct_swaps,1000,3,4,3474700,6501,0,0,0,122444,True,
builtin_sorted,presorted_10pct_swaps,5000,1,0,19101100,33961,0,0,0,604492,True,
builtin_sorted,presorted_10pct_swaps,5000,1,1,18818300,33961,0,0,0,604492,True,
builtin_sorted,presorted_10pct_swaps,5000,1,2,19128900,33961,0,0,0,604492,True,
builtin_sorted,presorted_10pct_swaps,5000,1,3,18660600,33961,0,0,0,604492,True,
builtin_sorted,presorted_10pct_swaps,5000,1,4,18828400,33961,0,0,0,604780,True,
builtin_sorted,presorted_10pct_swaps,5000,2,0,19158000,34701,0,0,0,604492,True,
builtin_sorted,presorted_10pct_swaps,5000,2,1,19632700,34701,0,0,0,604492,True,
builtin_sorted,presorted_10pct_swaps,5000,2,2,19223600,34701,0,0,0,604492,True,
builtin_sorted,presorted_10pct_swaps,5000,2,3,18908800,34701,0,0,0,604492,True,
builtin_sorted,presorted_10pct_swaps,5000,2,4,19687500,34701,0,0,0,604492,True,
builtin_sorted,presorted_10pct_swaps,5000,3,0,19064900,34149,0,0,0,604492,True,
builtin_sorted,presorted_10pct_swaps,5000,3,1,19968700,34149,0,0,0,604492,True,
builtin_sorted,presorted_10pct_swaps,5000,3,2,19226100,34149,0,0,0,604492,True,
builtin_sorted,presorted_10pct_swaps,5000,3,3,21174200,34149,0,0,0,604492,True,
builtin_sorted,presorted_10pct_swaps,5000,3,4,18501800,34149,0,0,0,604492,True,
builtin_sorted,presorted_10pct_swaps,10000,1,0,40326600,71737,0,0,0,1211084,True,
builtin_sorted,presorted_10pct_swaps,10000,1,1,39444900,71737,0,0,0,1211084,True,
builtin_sorted,presorted_10pct_swaps,10000,1,2,39799600,71737,0,0,0,1211084,True,
builtin_sorted,presorted_10pct_swaps,10000,1,3,39622500,71737,0,0,0,1211084,True,
builtin_sorted,presorted_10pct_swaps,10000,1,4,40928200,71737,0,0,0,1211376,True,
builtin_sorted,presorted_10pct_swaps,10000,2,0,38957000,71202,0,0,0,1211084,True,
builtin_sorted,presorted_10pct_swaps,10000,2,1,39152800,71202,0,0,0,1211084,True,
builtin_sorted,presorted_10pct_swaps,10000,2,2,38665400,71202,0,0,0,1211084,True,
builtin_sorted,presorted_10pct_swaps,10000,2,3,39660000,71202,0,0,0,1211084,True,
builtin_sorted,presorted_10pct_swaps,10000,2,4,39654300,71202,0,0,0,1211084,True,
builtin_sorted,presorted_10pct_swaps,10000,3,0,40038000,71580,0,0,0,1211084,True,
builtin_sorted,presorted_10pct_swaps,10000,3,1,39131600,71580,0,0,0,1211084,True,
builtin_sorted,presorted_10pct_swaps,10000,3,2,39281600,71580,0,0,0,1211084,True,
builtin_sorted,presorted_10pct_swaps,10000,3,3,39447700,71580,0,0,0,1211372,True,
builtin_sorted,presorted_10pct_swaps,10000,3,4,38917300,71580,0,0,0,1211084,True,
builtin_sorted,presorted_25pct_swaps,1000,1,0,4346000,8126,0,0,0,122444,True,
builtin_sorted,presorted_25pct_swaps,1000,1,1,4393300,8126,0,0,0,122444,True,
builtin_sorted,presorted_25pct_swaps,1000,1,2,4491200,8126,0,0,0,122444,True,
builtin_sorted,presorted_25pct_swaps,1000,1,3,4405000,8126,0,0,0,122444,True,
builtin_sorted,presorted_25pct_swaps,1000,1,4,4570300,8126,0,0,0,122444,True,
builtin_sorted,presorted_25pct_swaps,1000,2,0,4275200,7863,0,0,0,122444,True,
builtin_sorted,presorted_25pct_swaps,1000,2,1,4568100,7863,0,0,0,122444,True,
builtin_sorted,presorted_25pct_swaps,1000,2,2,4310600,7863,0,0,0,122444,True,
builtin_sorted,presorted_25pct_swaps,1000,2,3,4369300,7863,0,0,0,122444,True,
builtin_sorted,presorted_25pct_swaps,1000,2,4,4301600,7863,0,0,0,122444,True,
builtin_sorted,presorted_25pct_swaps,1000,3,0,4938400,8007,0,0,0,122444,True,
builtin_sorted,presorted_25pct_swaps,1000,3,1,4386300,8007,0,0,0,122444,True,
builtin_sorted,presorted_25pct_swaps,1000,3,2,4412400,8007,0,0,0,122444,True,
builtin_sorted,presorted_25pct_swaps,1000,3,3,4398800,8007,0,0,0,122444,True,
builtin_sorted,presorted_25pct_swaps,1000,3,4,4395100,8007,0,0,0,122444,True,
builtin_sorted,presorted_25pct_swaps,5000,1,0,25382400,46033,0,0,0,604492,True,
builtin_sorted,presorted_25pct_swaps,5000,1,1,25222400,46033,0,0,0,604492,True,
builtin_sorted,presorted_25pct_swaps,5000,1,2,25961200,46033,0,0,0,604492,True,
builtin_sorted,presorted_25pct_swaps,5000,1,3,25601200,46033,0,0,0,604492,True,
builtin_sorted,presorted_25pct_swaps,5000,1,4,25588500,46033,0,0,0,604492,True,
builtin_sorted,presorted_25pct_swaps,5000,2,0,24427500,44961,0,0,0,604492,True,
builtin_sorted,presorted_25pct_swaps,5000,2,1,25078100,44961,0,0,0,604492,True,
builtin_sorted,presorted_25pct_swaps,5000,2,2,24509100,44961,0,0,0,604492,True,
builtin_sorted,presorted_25pct_swaps,5000,2,3,26918200,44961,0,0,0,604492,True,
builtin_sorted,presorted_25pct_swaps,5000,2,4,25187700,44961,0,0,0,604492,True,
builtin_sorted,presorted_25pct_swaps,5000,3,0,25211400,45768,0,0,0,604492,True,
builtin_sorted,presorted_25pct_swaps,5000,3,1,25485900,45768,0,0,0,604492,True,
builtin_sorted,presorted_25pct_swaps,5000,3,2,25511400,45768,0,0,0,604492,True,
builtin_sorted,presorted_25pct_swaps,5000,3,3,25281300,45768,0,0,0,604492,True,
builtin_sorted,presorted_25pct_swaps,5000,3,4,25226100,45768,0,0,0,604780,True,
builtin_sorted,presorted_25pct_swaps,10000,1,0,52146700,96517,0,0,0,1211084,True,
builtin_sorted,presorted_25pct_swaps,10000,1,1,53100800,96517,0,0,0,1211084,True,
builtin_sorted,presorted_25pct_swaps,10000,1,2,52555800,96517,0,0,0,1211084,True,
builtin_sorted,presorted_25pct_swaps,10000,1,3,53906500,96517,0,0,0,1211084,True,
builtin_sorted,presorted_25pct_swaps,10000,1,4,53559600,96517,0,0,0,1211084,True,
builtin_sorted,presorted_25pct_swaps,10000,2,0,53141900,96308,0,0,0,1211084,True,
builtin_sorted,presorted_25pct_swaps,10000,2,1,53331200,96308,0,0,0,1211084,True,
builtin_sorted,presorted_25pct_swaps,10000,2,2,54560400,96308,0,0,0,1211084,True,
builtin_sorted,presorted_25pct_swaps,10000,2,3,52953600,96308,0,0,0,1211084,True,
builtin_sorted,presorted_25pct_swaps,10000,2,4,53159600,96308,0,0,0,1211372,True,
builtin_sorted,presorted_25pct_swaps,10000,3,0,52681400,95764,0,0,0,1211084,True,
builtin_sorted,presorted_25pct_swaps,10000,3,1,53676500,95764,0,0,0,1211084,True,
builtin_sorted,presorted_25pct_swaps,10000,3,2,52655000,95764,0,0,0,1211084,True,
builtin_sorted,presorted_25pct_swaps,10000,3,3,52726000,95764,0,0,0,1211084,True,
builtin_sorted,presorted_25pct_swaps,10000,3,4,52378600,95764,0,0,0,1211084,True,
builtin_sorted,duplicates_10,1000,1,0,3714400,6808,0,0,0,122444,True,
builtin_sorted,duplicates_10,1000,1,1,3754000,6808,0,0,0,122444,True,
builtin_sorted,duplicates_10,1000,1,2,3846000,6808,0,0,0,122444,True,
builtin_sorted,duplicates_10,1000,1,3,3703200,6808,0,0,0,122444,True,
builtin_sorted,duplicates_10,1000,1,4,3814200,6808,0,0,0,122444,True,
builtin_sorted,duplicates_10,1000,2,0,3702100,6835,0,0,0,122444,True,
builtin_sorted,duplicates_10,1000,2,1,3837200,6835,0,0,0,122444,True,
builtin_sorted,duplicates_10,1000,2,2,3714300,6835,0,0,0,122444,True,
builtin_sorted,duplicates_10,1000,2,3,3641600,6835,0,0,0,122444,True,
builtin_sorted,duplicates_10,1000,2,4,3710300,6835,0,0,0,122444,True,
builtin_sorted,duplicates_10,1000,3,0,3672500,6789,0,0,0,122444,True,
builtin_sorted,duplicates_10,1000,3,1,3660000,6789,0,0,0,122444,True,
builtin_sorted,duplicates_10,1000,3,2,3642700,6789,0,0,0,122444,True,
builtin_sorted,duplicates_10,1000,3,3,3770700,6789,0,0,0,122444,True,
builtin_sorted,duplicates_10,1000,3,4,3687000,6789,0,0,0,122444,True,
builtin_sorted,duplicates_10,5000,1,0,19593200,35361,0,0,0,604492,True,
builtin_sorted,duplicates_10,5000,1,1,20065600,35361,0,0,0,604492,True,
builtin_sorted,duplicates_10,5000,1,2,19382500,35361,0,0,0,604492,True,
builtin_sorted,duplicates_10,5000,1,3,19740000,35361,0,0,0,604492,True,
builtin_sorted,duplicates_10,5000,1,4,19408200,35361,0,0,0,604780,True,
builtin_sorted,duplicates_10,5000,2,0,20005300,35096,0,0,0,604492,True,
builtin_sorted,duplicates_10,5000,2,1,19247900,35096,0,0,0,604492,True,
builtin_sorted,duplicates_10,5000,2,2,19837000,35096,0,0,0,604496,True,
builtin_sorted,duplicates_10,5000,2,3,19672900,35096,0,0,0,604492,True,
builtin_sorted,duplicates_10,5000,2,4,19283000,35096,0,0,0,604492,True,
builtin_sorted,duplicates_10,5000,3,0,19533100,35429,0,0,0,604492,True,
builtin_sorted,duplicates_10,5000,3,1,19798000,35429,0,0,0,604492,True,
builtin_sorted,duplicates_10,5000,3,2,19718100,35429,0,0,0,604492,True,
builtin_sorted,duplicates_10,5000,3,3,18947500,35429,0,0,0,604492,True,
builtin_sorted,duplicates_10,5000,3,4,20180500,35429,0,0,0,604492,True,
builtin_sorted,duplicates_10,10000,1,0,39648600,71051,0,0,0,1211084,True,
builtin_sorted,duplicates_10,10000,1,1,39097100,71051,0,0,0,1211084,True,
builtin_sorted,duplicates_10,10000,1,2,39008300,71051,0,0,0,1211084,True,
builtin_sorted,duplicates_10,10000,1,3,38105900,71051,0,0,0,1211084,True,
builtin_sorted,duplicates_10,10000,1,4,38718800,71051,0,0,0,1211372,True,
builtin_sorted,duplicates_10,10000,2,0,38475000,70794,0,0,0,1211084,True,
builtin_sorted,duplicates_10,10000,2,1,38811500,70794,0,0,0,1211084,True,
builtin_sorted,duplicates_10,10000,2,2,39089700,70794,0,0,0,1211084,True,
builtin_sorted,duplicates_10,10000,2,3,40117900,70794,0,0,0,1211084,True,
builtin_sorted,duplicates_10,10000,2,4,38436800,70794,0,0,0,1211084,True,
builtin_sorted,duplicates_10,10000,3,0,38638800,71007,0,0,0,1211084,True,
builtin_sorted,duplicates_10,10000,3,1,45108800,71007,0,0,0,1211084,True,
builtin_sorted,duplicates_10,10000,3,2,39044800,71007,0,0,0,1211084,True,
builtin_sorted,duplicates_10,10000,3,3,39659700,71007,0,0,0,1211372,True,
builtin_sorted,duplicates_10,10000,3,4,40784400,71007,0,0,0,1211084,True,
insertion_sort,random,1000,1,0,1020313200,250099,250106,0,0,113760,True,
insertion_sort,random,1000,1,1,1013287600,250099,250106,0,0,113760,True,
insertion_sort,random,1000,1,2,1001991600,250099,250106,0,0,113760,True,
insertion_sort,random,1000,1,3,1022982100,250099,250106,0,0,113760,True,
insertion_sort,random,1000,1,4,1037693000,250099,250106,0,0,113760,True,
insertion_sort,random,1000,2,0,965305900,242742,242749,0,0,113760,True,
insertion_sort,random,1000,2,1,990681000,242742,242749,0,0,113760,True,
insertion_sort,random,1000,2,2,970960500,242742,242749,0,0,113760,True,
insertion_sort,random,1000,2,3,2042385400,242742,242749,0,0,113760,True,
insertion_sort,random,1000,2,4,2627448800,242742,242749,0,0,113760,True,
insertion_sort,random,1000,3,0,2084756200,243835,243840,0,0,113760,True,
insertion_sort,random,1000,3,1,1737181500,243835,243840,0,0,113760,True,
insertion_sort,random,1000,3,2,1420377900,243835,243840,0,0,113760,True,
insertion_sort,random,1000,3,3,1659910000,243835,243840,0,0,113760,True,
insertion_sort,random,1000,3,4,1417653800,243835,243840,0,0,113760,True,
insertion_sort,random,5000,1,0,27677452600,6265605,6265613,0,0,562784,True,
insertion_sort,random,5000,1,1,27529476300,6265605,6265613,0,0,562784,True,
insertion_sort,random,5000,1,2,27106058300,6265605,6265613,0,0,562784,True,
insertion_sort,random,5000,1,3,28838792000,6265605,6265613,0,0,562784,True,
insertion_sort,random,5000,1,4,28683993200,6265605,6265613,0,0,562784,True,
insertion_sort,random,5000,2,0,27829676000,6236306,6236312,0,0,562784,True,
insertion_sort,random,5000,2,1,27801606400,6236306,6236312,0,0,562784,True,
insertion_sort,random,5000,2,2,27235639400,6236306,6236312,0,0,562784,True,
insertion_sort,random,5000,2,3,28123937500,6236306,6236312,0,0,562784,True,
insertion_sort,random,5000,2,4,27435596000,6236306,6236312,0,0,562784,True,
insertion_sort,random,5000,3,0,26779624600,6228850,6228860,0,0,562784,True,
insertion_sort,random,5000,3,1,27253268900,6228850,6228860,0,0,562784,True,
insertion_sort,random,5000,3,2,27475963900,6228850,6228860,0,0,562784,True,
insertion_sort,random,5000,3,3,28485777900,6228850,6228860,0,0,562784,True,
insertion_sort,random,5000,3,4,27670404800,6228850,6228860,0,0,562960,True,
insertion_sort,random,10000,1,0,109910153500,25010266,25010276,0,0,1126080,True,
insertion_sort,random,10000,1,1,109886071400,25010266,25010276,0,0,1126080,True,
insertion_sort,random,10000,1,2,109577968400,25010266,25010276,0,0,1126080,True,
insertion_sort,random,10000,1,3,109323736500,25010266,25010276,0,0,1126080,True,
insertion_sort,random,10000,1,4,110249843500,25010266,25010276,0,0,1126080,True,
insertion_sort,random,10000,2,0,107987218700,24947157,24947172,0,0,1126080,True,
insertion_sort,random,10000,2,1,109257504200,24947157,24947172,0,0,1126080,True,
insertion_sort,random,10000,2,2,109682148300,24947157,24947172,0,0,1126080,True,
insertion_sort,random,10000,2,3,109325805400,24947157,24947172,0,0,1126080,True,
insertion_sort,random,10000,2,4,112756434900,24947157,24947172,0,0,1126256,True,
insertion_sort,random,10000,3,0,108430616500,24554561,24554570,0,0,1126080,True,
insertion_sort,random,10000,3,1,108125997300,24554561,24554570,0,0,1126080,True,
insertion_sort,random,10000,3,2,107724917200,24554561,24554570,0,0,1126080,True,
insertion_sort,random,10000,3,3,105745711800,24554561,24554570,0,0,1126080,True,
insertion_sort,random,10000,3,4,102637495700,24554561,24554570,0,0,1126080,True,
insertion_sort,reverse,1000,1,0,1860867400,499500,500499,0,0,113760,True,
insertion_sort,reverse,1000,1,1,1847910500,499500,500499,0,0,113760,True,
insertion_sort,reverse,1000,1,2,1848600400,499500,500499,0,0,113760,True,
insertion_sort,reverse,1000,1,3,1848481000,499500,500499,0,0,113760,True,
insertion_sort,reverse,1000,1,4,1873993900,499500,500499,0,0,113760,True,
insertion_sort,reverse,1000,2,0,1846268400,499500,500499,0,0,113760,True,
insertion_sort,reverse,1000,2,1,1873545200,499500,500499,0,0,113760,True,
insertion_sort,reverse,1000,2,2,1856572800,499500,500499,0,0,113760,True,
insertion_sort,reverse,1000,2,3,1882245000,499500,500499,0,0,113760,True,
insertion_sort,reverse,1000,2,4,1856104300,499500,500499,0,0,113760,True,
insertion_sort,reverse,1000,3,0,1860523500,499500,500499,0,0,113760,True,
insertion_sort,reverse,1000,3,1,1848751000,499500,500499,0,0,113760,True,
insertion_sort,reverse,1000,3,2,1855938600,499500,500499,0,0,113760,True,
insertion_sort,reverse,1000,3,3,1856552200,499500,500499,0,0,113760,True,
insertion_sort,reverse,1000,3,4,1873692100,499500,500499,0,0,113760,True,
insertion_sort,reverse,5000,1,0,51638307800,12497500,12502499,0,0,562784,True,
insertion_sort,reverse,5000,1,1,51035069600,12497500,12502499,0,0,562784,True,
insertion_sort,reverse,5000,1,2,51810085000,12497500,12502499,0,0,562784,True,
insertion_sort,reverse,5000,1,3,52006144600,12497500,12502499,0,0,562784,True,
insertion_sort,reverse,5000,1,4,51869299500,12497500,12502499,0,0,562784,True,
insertion_sort,reverse,5000,2,0,52364549300,12497500,12502499,0,0,562960,True,
insertion_sort,reverse,5000,2,1,52465402800,12497500,12502499,0,0,562784,True,
insertion_sort,reverse,5000,2,2,52516307800,12497500,12502499,0,0,562784,True,
insertion_sort,reverse,5000,2,3,52320023900,12497500,12502499,0,0,562784,True,
insertion_sort,reverse,5000,2,4,51805468200,12497500,12502499,0,0,562784,True,
insertion_sort,reverse,5000,3,0,51755006100,12497500,12502499,0,0,562784,True,
insertion_sort,reverse,5000,3,1,52368164200,12497500,12502499,0,0,562784,True,
insertion_sort,reverse,5000,3,2,51049537300,12497500,12502499,0,0,562784,True,
insertion_sort,reverse,5000,3,3,51721880700,12497500,12502499,0,0,562784,True,
insertion_sort,reverse,5000,3,4,52202902800,12497500,12502499,0,0,562784,True,
insertion_sort,reverse,10000,1,0,208540934000,49995000,50004999,0,0,1126080,True,
insertion_sort,reverse,10000,1,1,209041151900,49995000,50004999,0,0,1126080,True,
insertion_sort,reverse,10000,1,2,208269205500,49995000,50004999,0,0,1126080,True,
insertion_sort,reverse,10000,1,3,204947134800,49995000,50004999,0,0,1126080,True,
insertion_sort,reverse,10000,1,4,204255739700,49995000,50004999,0,0,1126256,True,
insertion_sort,reverse,10000,2,0,204242130000,49995000,50004999,0,0,1126080,True,
insertion_sort,reverse,10000,2,1,204634091200,49995000,50004999,0,0,1126080,True,
insertion_sort,reverse,10000,2,2,202299747300,49995000,50004999,0,0,1126080,True,
insertion_sort,reverse,10000,2,3,205185505500,49995000,50004999,0,0,1126080,True,
insertion_sort,reverse,10000,2,4,205756689200,49995000,50004999,0,0,1126080,True,
insertion_sort,reverse,10000,3,0,204507473500,49995000,50004999,0,0,1126080,True,
insertion_sort,reverse,10000,3,1,205045001300,49995000,50004999,0,0,1126080,True,
insertion_sort,reverse,10000,3,2,217990086900,49995000,50004999,0,0,1126080,True,
insertion_sort,reverse,10000,3,3,233876964000,49995000,50004999,0,0,1126080,True,
insertion_sort,reverse,10000,3,4,222120233100,49995000,50004999,0,0,1126256,True,
insertion_sort,presorted,1000,1,0,4272800,999,999,0,0,113756,True,
insertion_sort,presorted,1000,1,1,4400600,999,999,0,0,113756,True,
insertion_sort,presorted,1000,1,2,3987600,999,999,0,0,113756,True,
insertion_sort,presorted,1000,1,3,3890100,999,999,0,0,113756,True,
insertion_sort,presorted,1000,1,4,3998000,999,999,0,0,113756,True,
insertion_sort,presorted,1000,2,0,4150200,999,999,0,0,113756,True,
insertion_sort,presorted,1000,2,1,4155200,999,999,0,0,113756,True,
insertion_sort,presorted,1000,2,2,4281400,999,999,0,0,113756,True,
insertion_sort,presorted,1000,2,3,4465600,999,999,0,0,113756,True,
insertion_sort,presorted,1000,2,4,3942500,999,999,0,0,113756,True,
insertion_sort,presorted,1000,3,0,3973200,999,999,0,0,113756,True,
insertion_sort,presorted,1000,3,1,3950500,999,999,0,0,113756,True,
insertion_sort,presorted,1000,3,2,4782600,999,999,0,0,113756,True,
insertion_sort,presorted,1000,3,3,7478200,999,999,0,0,113756,True,
insertion_sort,presorted,1000,3,4,8689900,999,999,0,0,113756,True,
insertion_sort,presorted,5000,1,0,27879700,4999,4999,0,0,562784,True,
insertion_sort,presorted,5000,1,1,26576000,4999,4999,0,0,562780,True,
insertion_sort,presorted,5000,1,2,26812100,4999,4999,0,0,562780,True,
insertion_sort,presorted,5000,1,3,30000800,4999,4999,0,0,562780,True,
insertion_sort,presorted,5000,1,4,22679400,4999,4999,0,0,562780,True,
insertion_sort,presorted,5000,2,0,24912100,4999,4999,0,0,562780,True,
insertion_sort,presorted,5000,2,1,24787900,4999,4999,0,0,562780,True,
insertion_sort,presorted,5000,2,2,23928800,4999,4999,0,0,562780,True,
insertion_sort,presorted,5000,2,3,23384500,4999,4999,0,0,562780,True,
insertion_sort,presorted,5000,2,4,22566300,4999,4999,0,0,562780,True,
insertion_sort,presorted,5000,3,0,23011000,4999,4999,0,0,562780,True,
insertion_sort,presorted,5000,3,1,28265500,4999,4999,0,0,562780,True,
insertion_sort,presorted,5000,3,2,23606100,4999,4999,0,0,562780,True,
insertion_sort,presorted,5000,3,3,22212900,4999,4999,0,0,562780,True,
insertion_sort,presorted,5000,3,4,24341500,4999,4999,0,0,562780,True,
insertion_sort,presorted,10000,1,0,45293600,9999,9999,0,0,1126252,True,
insertion_sort,presorted,10000,1,1,46185400,9999,9999,0,0,1126076,True,
insertion_sort,presorted,10000,1,2,50145600,9999,9999,0,0,1126076,True,
insertion_sort,presorted,10000,1,3,45732800,9999,9999,0,0,1126076,True,
insertion_sort,presorted,10000,1,4,45854300,9999,9999,0,0,1126076,True,
insertion_sort,presorted,10000,2,0,45940000,9999,9999,0,0,1126076,True,
insertion_sort,presorted,10000,2,1,47157200,9999,9999,0,0,1126076,True,
insertion_sort,presorted,10000,2,2,45669500,9999,9999,0,0,1126076,True,
insertion_sort,presorted,10000,2,3,50704500,9999,9999,0,0,1126076,True,
insertion_sort,presorted,10000,2,4,51130300,9999,9999,0,0,1126252,True,
insertion_sort,presorted,10000,3,0,51249300,9999,9999,0,0,1126076,True,
insertion_sort,presorted,10000,3,1,49252900,9999,9999,0,0,1126076,True,
insertion_sort,presorted,10000,3,2,51102900,9999,9999,0,0,1126076,True,
insertion_sort,presorted,10000,3,3,45459100,9999,9999,0,0,1126076,True,
insertion_sort,presorted,10000,3,4,45485400,9999,9999,0,0,1126076,True,
insertion_sort,presorted_10pct_swaps,1000,1,0,258343500,61009,61009,0,0,113756,True,
insertion_sort,presorted_10pct_swaps,1000,1,1,268119000,61009,61009,0,0,113760,True,
insertion_sort,presorted_10pct_swaps,1000,1,2,263464300,61009,61009,0,0,113756,True,
insertion_sort,presorted_10pct_swaps,1000,1,3,271368200,61009,61009,0,0,113756,True,
insertion_sort,presorted_10pct_swaps,1000,1,4,251618700,61009,61009,0,0,113756,True,
insertion_sort,presorted_10pct_swaps,1000,2,0,240222600,52419,52419,0,0,113760,True,
insertion_sort,presorted_10pct_swaps,1000,2,1,225041500,52419,52419,0,0,113756,True,
insertion_sort,presorted_10pct_swaps,1000,2,2,230380700,52419,52419,0,0,113756,True,
insertion_sort,presorted_10pct_swaps,1000,2,3,222843000,52419,52419,0,0,113756,True,
insertion_sort,presorted_10pct_swaps,1000,2,4,226367200,52419,52419,0,0,113760,True,
insertion_sort,presorted_10pct_swaps,1000,3,0,252965000,59605,59605,0,0,113756,True,
insertion_sort,presorted_10pct_swaps,1000,3,1,261910500,59605,59605,0,0,113756,True,
insertion_sort,presorted_10pct_swaps,1000,3,2,264064500,59605,59605,0,0,113756,True,
insertion_sort,presorted_10pct_swaps,1000,3,3,261268900,59605,59605,0,0,113756,True,
insertion_sort,presorted_10pct_swaps,1000,3,4,255525700,59605,59605,0,0,113756,True,
insertion_sort,presorted_10pct_swaps,5000,1,0,6450825600,1440265,1440265,0,0,562784,True,
insertion_sort,presorted_10pct_swaps,5000,1,1,6502204000,1440265,1440265,0,0,562784,True,
insertion_sort,presorted_10pct_swaps,5000,1,2,6617572300,1440265,1440265,0,0,562784,True,
insertion_sort,presorted_10pct_swaps,5000,1,3,6693349500,1440265,1440265,0,0,562784,True,
insertion_sort,presorted_10pct_swaps,5000,1,4,6591301800,1440265,1440265,0,0,562784,True,
insertion_sort,presorted_10pct_swaps,5000,2,0,6582766600,1427423,1427423,0,0,562784,True,
insertion_sort,presorted_10pct_swaps,5000,2,1,6605445500,1427423,1427423,0,0,562960,True,
insertion_sort,presorted_10pct_swaps,5000,2,2,6472587200,1427423,1427423,0,0,562784,True,
insertion_sort,presorted_10pct_swaps,5000,2,3,6543599400,1427423,1427423,0,0,562784,True,
insertion_sort,presorted_10pct_swaps,5000,2,4,6389605200,1427423,1427423,0,0,562784,True,
insertion_sort,presorted_10pct_swaps,5000,3,0,6721079500,1472557,1472557,0,0,562784,True,
insertion_sort,presorted_10pct_swaps,5000,3,1,6892514200,1472557,1472557,0,0,562784,True,
insertion_sort,presorted_10pct_swaps,5000,3,2,6627443100,1472557,1472557,0,0,562784,True,
insertion_sort,presorted_10pct_swaps,5000,3,3,6693927500,1472557,1472557,0,0,562784,True,
insertion_sort,presorted_10pct_swaps,5000,3,4,6836078800,1472557,1472557,0,0,562784,True,
insertion_sort,presorted_10pct_swaps,10000,1,0,26320198700,5788971,5788971,0,0,1126080,True,
insertion_sort,presorted_10pct_swaps,10000,1,1,26172300200,5788971,5788971,0,0,1126080,True,
insertion_sort,presorted_10pct_swaps,10000,1,2,27734824400,5788971,5788971,0,0,1126080,True,
insertion_sort,presorted_10pct_swaps,10000,1,3,28112051300,5788971,5788971,0,0,1126080,True,
insertion_sort,presorted_10pct_swaps,10000,1,4,27379107500,5788971,5788971,0,0,1126080,True,
insertion_sort,presorted_10pct_swaps,10000,2,0,27465359100,5744277,5744277,0,0,1126256,True,
insertion_sort,presorted_10pct_swaps,10000,2,1,27041439800,5744277,5744277,0,0,1126080,True,
insertion_sort,presorted_10pct_swaps,10000,2,2,27829295600,5744277,5744277,0,0,1126080,True,
insertion_sort,presorted_10pct_swaps,10000,2,3,28210733600,5744277,5744277,0,0,1126080,True,
insertion_sort,presorted_10pct_swaps,10000,2,4,26756091000,5744277,5744277,0,0,1126080,True,
insertion_sort,presorted_10pct_swaps,10000,3,0,27558299900,5752603,5752605,0,0,1126080,True,
insertion_sort,presorted_10pct_swaps,10000,3,1,27676560800,5752603,5752605,0,0,1126080,True,
insertion_sort,presorted_10pct_swaps,10000,3,2,27329166600,5752603,5752605,0,0,1126080,True,
insertion_sort,presorted_10pct_swaps,10000,3,3,28061865600,5752603,5752605,0,0,1126080,True,
insertion_sort,presorted_10pct_swaps,10000,3,4,28739235700,5752603,5752605,0,0,1126256,True,
insertion_sort,presorted_25pct_swaps,1000,1,0,576639700,121949,121949,0,0,113760,True,
insertion_sort,presorted_25pct_swaps,1000,1,1,541379900,121949,121949,0,0,113756,True,
insertion_sort,presorted_25pct_swaps,1000,1,2,590996200,121949,121949,0,0,113760,True,
insertion_sort,presorted_25pct_swaps,1000,1,3,574959400,121949,121949,0,0,113756,True,
insertion_sort,presorted_25pct_swaps,1000,1,4,563492200,121949,121949,0,0,113756,True,
insertion_sort,presorted_25pct_swaps,1000,2,0,551829000,109139,109139,0,0,113760,True,
insertion_sort,presorted_25pct_swaps,1000,2,1,478463400,109139,109139,0,0,113756,True,
insertion_sort,presorted_25pct_swaps,1000,2,2,506834200,109139,109139,0,0,113760,True,
insertion_sort,presorted_25pct_swaps,1000,2,3,583522500,109139,109139,0,0,113756,True,
insertion_sort,presorted_25pct_swaps,1000,2,4,496343600,109139,109139,0,0,113760,True,
insertion_sort,presorted_25pct_swaps,1000,3,0,529564500,113259,113259,0,0,113756,True,
insertion_sort,presorted_25pct_swaps,1000,3,1,573191300,113259,113259,0,0,113760,True,
insertion_sort,presorted_25pct_swaps,1000,3,2,516501200,113259,113259,0,0,113760,True,
insertion_sort,presorted_25pct_swaps,1000,3,3,518852000,113259,113259,0,0,113756,True,
insertion_sort,presorted_25pct_swaps,1000,3,4,536493600,113259,113259,0,0,113760,True,
insertion_sort,presorted_25pct_swaps,5000,1,0,14756479800,2967451,2967451,0,0,562784,True,
insertion_sort,presorted_25pct_swaps,5000,1,1,13916201000,2967451,2967451,0,0,562784,True,
insertion_sort,presorted_25pct_swaps,5000,1,2,14027066800,2967451,2967451,0,0,562784,True,
insertion_sort,presorted_25pct_swaps,5000,1,3,13713359500,2967451,2967451,0,0,562784,True,
insertion_sort,presorted_25pct_swaps,5000,1,4,13720700200,2967451,2967451,0,0,562784,True,
insertion_sort,presorted_25pct_swaps,5000,2,0,13962658500,2970011,2970011,0,0,562784,True,
insertion_sort,presorted_25pct_swaps,5000,2,1,14558355500,2970011,2970011,0,0,562784,True,
insertion_sort,presorted_25pct_swaps,5000,2,2,13859701700,2970011,2970011,0,0,562784,True,
insertion_sort,presorted_25pct_swaps,5000,2,3,14916161700,2970011,2970011,0,0,562784,True,
insertion_sort,presorted_25pct_swaps,5000,2,4,13960451500,2970011,2970011,0,0,562784,True,
insertion_sort,presorted_25pct_swaps,5000,3,0,13442466700,2921070,2921073,0,0,562784,True,
insertion_sort,presorted_25pct_swaps,5000,3,1,13453220700,2921070,2921073,0,0,562784,True,
insertion_sort,presorted_25pct_swaps,5000,3,2,13330805500,2921070,2921073,0,0,562784,True,
insertion_sort,presorted_25pct_swaps,5000,3,3,13403036600,2921070,2921073,0,0,562784,True,
insertion_sort,presorted_25pct_swaps,5000,3,4,13841927400,2921070,2921073,0,0,562784,True,
insertion_sort,presorted_25pct_swaps,10000,1,0,53847206700,11646013,11646013,0,0,1126256,True,
insertion_sort,presorted_25pct_swaps,10000,1,1,53236795800,11646013,11646013,0,0,1126080,True,
insertion_sort,presorted_25pct_swaps,10000,1,2,49300958800,11646013,11646013,0,0,1126080,True,
insertion_sort,presorted_25pct_swaps,10000,1,3,49730068000,11646013,11646013,0,0,1126080,True,
insertion_sort,presorted_25pct_swaps,10000,1,4,59242154100,11646013,11646013,0,0,1126080,True,
insertion_sort,presorted_25pct_swaps,10000,2,0,51730526800,11914851,11914853,0,0,1126080,True,
insertion_sort,presorted_25pct_swaps,10000,2,1,51097832500,11914851,11914853,0,0,1126080,True,
insertion_sort,presorted_25pct_swaps,10000,2,2,51146397900,11914851,11914853,0,0,1126080,True,
insertion_sort,presorted_25pct_swaps,10000,2,3,51186816500,11914851,11914853,0,0,1126080,True,
insertion_sort,presorted_25pct_swaps,10000,2,4,51196821200,11914851,11914853,0,0,1126080,True,
insertion_sort,presorted_25pct_swaps,10000,3,0,49655956100,11568163,11568167,0,0,1126256,True,
insertion_sort,presorted_25pct_swaps,10000,3,1,49648408700,11568163,11568167,0,0,1126080,True,
insertion_sort,presorted_25pct_swaps,10000,3,2,49738579800,11568163,11568167,0,0,1126080,True,
insertion_sort,presorted_25pct_swaps,10000,3,3,49375857200,11568163,11568167,0,0,1126080,True,
insertion_sort,presorted_25pct_swaps,10000,3,4,49914082400,11568163,11568167,0,0,1126080,True,
insertion_sort,duplicates_10,1000,1,0,924907400,228470,228472,0,0,113760,True,
insertion_sort,duplicates_10,1000,1,1,921347800,228470,228472,0,0,113760,True,
insertion_sort,duplicates_10,1000,1,2,922668200,228470,228472,0,0,113760,True,
insertion_sort,duplicates_10,1000,1,3,922487200,228470,228472,0,0,113760,True,
insertion_sort,duplicates_10,1000,1,4,923791200,228470,228472,0,0,113760,True,
insertion_sort,duplicates_10,1000,2,0,911059000,225517,225517,0,0,113760,True,
insertion_sort,duplicates_10,1000,2,1,911841700,225517,225517,0,0,113760,True,
insertion_sort,duplicates_10,1000,2,2,913166700,225517,225517,0,0,113760,True,
insertion_sort,duplicates_10,1000,2,3,910672100,225517,225517,0,0,113760,True,
insertion_sort,duplicates_10,1000,2,4,909840100,225517,225517,0,0,113760,True,
insertion_sort,duplicates_10,1000,3,0,975189800,234856,234859,0,0,113760,True,
insertion_sort,duplicates_10,1000,3,1,960328900,234856,234859,0,0,113760,True,
insertion_sort,duplicates_10,1000,3,2,950149900,234856,234859,0,0,113760,True,
insertion_sort,duplicates_10,1000,3,3,995346700,234856,234859,0,0,113760,True,
insertion_sort,duplicates_10,1000,3,4,949677400,234856,234859,0,0,113760,True,
insertion_sort,duplicates_10,5000,1,0,24224737900,5705069,5705071,0,0,562784,True,
insertion_sort,duplicates_10,5000,1,1,24187753500,5705069,5705071,0,0,562784,True,
insertion_sort,duplicates_10,5000,1,2,24341924300,5705069,5705071,0,0,562784,True,
insertion_sort,duplicates_10,5000,1,3,24889009700,5705069,5705071,0,0,562784,True,
insertion_sort,duplicates_10,5000,1,4,24460064900,5705069,5705071,0,0,562784,True,
insertion_sort,duplicates_10,5000,2,0,24147458100,5643824,5643824,0,0,562784,True,
insertion_sort,duplicates_10,5000,2,1,24317562900,5643824,5643824,0,0,562784,True,
insertion_sort,duplicates_10,5000,2,2,24171619800,5643824,5643824,0,0,562960,True,
insertion_sort,duplicates_10,5000,2,3,24890514100,5643824,5643824,0,0,562784,True,
insertion_sort,duplicates_10,5000,2,4,24286875200,5643824,5643824,0,0,562784,True,
insertion_sort,duplicates_10,5000,3,0,24472193700,5693707,5693710,0,0,562784,True,
insertion_sort,duplicates_10,5000,3,1,24984303800,5693707,5693710,0,0,562784,True,
insertion_sort,duplicates_10,5000,3,2,25032572500,5693707,5693710,0,0,562784,True,
insertion_sort,duplicates_10,5000,3,3,25153569000,5693707,5693710,0,0,562784,True,
insertion_sort,duplicates_10,5000,3,4,26163676200,5693707,5693710,0,0,562784,True,
insertion_sort,duplicates_10,10000,1,0,99469349600,22742631,22742633,0,0,1126080,True,
insertion_sort,duplicates_10,10000,1,1,99371869800,22742631,22742633,0,0,1126080,True,
insertion_sort,duplicates_10,10000,1,2,99029876400,22742631,22742633,0,0,1126080,True,
insertion_sort,duplicates_10,10000,1,3,99927659600,22742631,22742633,0,0,1126080,True,
insertion_sort,duplicates_10,10000,1,4,98189254700,22742631,22742633,0,0,1126080,True,
insertion_sort,duplicates_10,10000,2,0,97905031800,22587546,22587546,0,0,1126256,True,
insertion_sort,duplicates_10,10000,2,1,97470762500,22587546,22587546,0,0,1126080,True,
insertion_sort,duplicates_10,10000,2,2,98379231000,22587546,22587546,0,0,1126080,True,
insertion_sort,duplicates_10,10000,2,3,98736530100,22587546,22587546,0,0,1126080,True,
insertion_sort,duplicates_10,10000,2,4,98734018600,22587546,22587546,0,0,1126080,True,
insertion_sort,duplicates_10,10000,3,0,98523325300,22520887,22520890,0,0,1126080,True,
insertion_sort,duplicates_10,10000,3,1,98429049400,22520887,22520890,0,0,1126080,True,
insertion_sort,duplicates_10,10000,3,2,99840016500,22520887,22520890,0,0,1126080,True,
insertion_sort,duplicates_10,10000,3,3,96541351800,22520887,22520890,0,0,1126080,True,
insertion_sort,duplicates_10,10000,3,4,96971766500,22520887,22520890,0,0,1126080,True,
mergesort,random,1000,1,0,12128600,8705,0,0,0,123812,True,
mergesort,random,1000,1,1,12358700,8705,0,0,0,123748,True,
mergesort,random,1000,1,2,12129100,8705,0,0,0,123748,True,
mergesort,random,1000,1,3,12308400,8705,0,0,0,123748,True,
mergesort,random,1000,1,4,12586900,8705,0,0,0,123748,True,
mergesort,random,1000,2,0,13184700,8694,0,0,0,123748,True,
mergesort,random,1000,2,1,12657100,8694,0,0,0,123748,True,
mergesort,random,1000,2,2,12223700,8694,0,0,0,123748,True,
mergesort,random,1000,2,3,12353200,8694,0,0,0,123748,True,
mergesort,random,1000,2,4,12281400,8694,0,0,0,123748,True,
mergesort,random,1000,3,0,12557900,8729,0,0,0,123748,True,
mergesort,random,1000,3,1,12381500,8729,0,0,0,123748,True,
mergesort,random,1000,3,2,12634400,8729,0,0,0,123748,True,
mergesort,random,1000,3,3,12753000,8729,0,0,0,123752,True,
mergesort,random,1000,3,4,12222600,8729,0,0,0,123748,True,
mergesort,random,5000,1,0,102821300,55245,0,0,0,606932,True,
mergesort,random,5000,1,1,101117600,55245,0,0,0,606932,True,
mergesort,random,5000,1,2,101697700,55245,0,0,0,606932,True,
mergesort,random,5000,1,3,101554700,55245,0,0,0,606932,True,
mergesort,random,5000,1,4,99445400,55245,0,0,0,606932,True,
mergesort,random,5000,2,0,141711500,55232,0,0,0,606932,True,
mergesort,random,5000,2,1,101687500,55232,0,0,0,606932,True,
mergesort,random,5000,2,2,99126100,55232,0,0,0,606936,True,
mergesort,random,5000,2,3,103185800,55232,0,0,0,606932,True,
mergesort,random,5000,2,4,101080700,55232,0,0,0,606932,True,
mergesort,random,5000,3,0,101750900,55149,0,0,0,606932,True,
mergesort,random,5000,3,1,102160400,55149,0,0,0,606932,True,
mergesort,random,5000,3,2,101191900,55149,0,0,0,606932,True,
mergesort,random,5000,3,3,102023000,55149,0,0,0,606932,True,
mergesort,random,5000,3,4,102256100,55149,0,0,0,606932,True,
mergesort,random,10000,1,0,230901100,120326,0,0,0,1216944,True,
mergesort,random,10000,1,1,234536100,120326,0,0,0,1216876,True,
mergesort,random,10000,1,2,230164100,120326,0,0,0,1216876,True,
mergesort,random,10000,1,3,229716400,120326,0,0,0,1216876,True,
mergesort,random,10000,1,4,228545700,120326,0,0,0,1216876,True,
mergesort,random,10000,2,0,255883700,120546,0,0,0,1216876,True,
mergesort,random,10000,2,1,229451700,120546,0,0,0,1216876,True,
mergesort,random,10000,2,2,230098000,120546,0,0,0,1216880,True,
mergesort,random,10000,2,3,232128000,120546,0,0,0,1216876,True,
mergesort,random,10000,2,4,230652300,120546,0,0,0,1216876,True,
mergesort,random,10000,3,0,229157900,120479,0,0,0,1216940,True,
mergesort,random,10000,3,1,229033900,120479,0,0,0,1216880,True,
mergesort,random,10000,3,2,233813600,120479,0,0,0,1216876,True,
mergesort,random,10000,3,3,233452000,120479,0,0,0,1216876,True,
mergesort,random,10000,3,4,228179500,120479,0,0,0,1216876,True,
mergesort,reverse,1000,1,0,9456500,5044,0,0,0,122948,True,
mergesort,reverse,1000,1,1,8761400,5044,0,0,0,122948,True,
mergesort,reverse,1000,1,2,8941300,5044,0,0,0,122948,True,
mergesort,reverse,1000,1,3,8870400,5044,0,0,0,122948,True,
mergesort,reverse,1000,1,4,8936200,5044,0,0,0,122948,True,
mergesort,reverse,1000,2,0,9008300,5044,0,0,0,122948,True,
mergesort,reverse,1000,2,1,9112900,5044,0,0,0,122948,True,
mergesort,reverse,1000,2,2,9250500,5044,0,0,0,122948,True,
mergesort,reverse,1000,2,3,8752800,5044,0,0,0,122948,True,
mergesort,reverse,1000,2,4,8680200,5044,0,0,0,122948,True,
mergesort,reverse,1000,3,0,8855900,5044,0,0,0,122948,True,
mergesort,reverse,1000,3,1,9152700,5044,0,0,0,122948,True,
mergesort,reverse,1000,3,2,8819400,5044,0,0,0,122948,True,
mergesort,reverse,1000,3,3,9297000,5044,0,0,0,122948,True,
mergesort,reverse,1000,3,4,9408800,5044,0,0,0,122948,True,
mergesort,reverse,5000,1,0,65647400,32004,0,0,0,605108,True,
mergesort,reverse,5000,1,1,65754300,32004,0,0,0,605108,True,
mergesort,reverse,5000,1,2,64945900,32004,0,0,0,605108,True,
mergesort,reverse,5000,1,3,65446000,32004,0,0,0,605108,True,
mergesort,reverse,5000,1,4,65089000,32004,0,0,0,605108,True,
mergesort,reverse,5000,2,0,65811000,32004,0,0,0,605108,True,
mergesort,reverse,5000,2,1,65165400,32004,0,0,0,605108,True,
mergesort,reverse,5000,2,2,65945100,32004,0,0,0,605172,True,
mergesort,reverse,5000,2,3,65169600,32004,0,0,0,605108,True,
mergesort,reverse,5000,2,4,65885800,32004,0,0,0,605108,True,
mergesort,reverse,5000,3,0,65402600,32004,0,0,0,605112,True,
mergesort,reverse,5000,3,1,66887700,32004,0,0,0,605108,True,
mergesort,reverse,5000,3,2,66384000,32004,0,0,0,605108,True,
mergesort,reverse,5000,3,3,65579000,32004,0,0,0,605108,True,
mergesort,reverse,5000,3,4,85019400,32004,0,0,0,605108,True,
mergesort,reverse,10000,1,0,150533500,69008,0,0,0,1211756,True,
mergesort,reverse,10000,1,1,146132000,69008,0,0,0,1211756,True,
mergesort,reverse,10000,1,2,144995300,69008,0,0,0,1211756,True,
mergesort,reverse,10000,1,3,145954100,69008,0,0,0,1211760,True,
mergesort,reverse,10000,1,4,145544500,69008,0,0,0,1211756,True,
mergesort,reverse,10000,2,0,144465500,69008,0,0,0,1211820,True,
mergesort,reverse,10000,2,1,144678400,69008,0,0,0,1211756,True,
mergesort,reverse,10000,2,2,144119000,69008,0,0,0,1211756,True,
mergesort,reverse,10000,2,3,143916000,69008,0,0,0,1211756,True,
mergesort,reverse,10000,2,4,144424700,69008,0,0,0,1211760,True,
mergesort,reverse,10000,3,0,143979800,69008,0,0,0,1211756,True,
mergesort,reverse,10000,3,1,145249700,69008,0,0,0,1211756,True,
mergesort,reverse,10000,3,2,144519200,69008,0,0,0,1211756,True,
mergesort,reverse,10000,3,3,145193400,69008,0,0,0,1211756,True,
mergesort,reverse,10000,3,4,143821800,69008,0,0,0,1211756,True,
mergesort,presorted,1000,1,0,8795800,4932,0,0,0,122948,True,
mergesort,presorted,1000,1,1,9025000,4932,0,0,0,122948,True,
mergesort,presorted,1000,1,2,8727400,4932,0,0,0,122952,True,
mergesort,presorted,1000,1,3,8948200,4932,0,0,0,122948,True,
mergesort,presorted,1000,1,4,8812000,4932,0,0,0,122948,True,
mergesort,presorted,1000,2,0,8952500,4932,0,0,0,123012,True,
mergesort,presorted,1000,2,1,8754900,4932,0,0,0,122948,True,
mergesort,presorted,1000,2,2,9002700,4932,0,0,0,122948,True,
mergesort,presorted,1000,2,3,8989600,4932,0,0,0,122948,True,
mergesort,presorted,1000,2,4,8633700,4932,0,0,0,122948,True,
mergesort,presorted,1000,3,0,8575700,4932,0,0,0,122948,True,
mergesort,presorted,1000,3,1,8755300,4932,0,0,0,122948,True,
mergesort,presorted,1000,3,2,8793000,4932,0,0,0,122948,True,
mergesort,presorted,1000,3,3,8935200,4932,0,0,0,122948,True,
mergesort,presorted,1000,3,4,9236100,4932,0,0,0,122948,True,
mergesort,presorted,5000,1,0,65746300,29804,0,0,0,605108,True,
mergesort,presorted,5000,1,1,64017700,29804,0,0,0,605108,True,
mergesort,presorted,5000,1,2,64627400,29804,0,0,0,605108,True,
mergesort,presorted,5000,1,3,63373700,29804,0,0,0,605108,True,
mergesort,presorted,5000,1,4,63537900,29804,0,0,0,605108,True,
mergesort,presorted,5000,2,0,64851000,29804,0,0,0,605108,True,
mergesort,presorted,5000,2,1,63111500,29804,0,0,0,605108,True,
mergesort,presorted,5000,2,2,63877600,29804,0,0,0,605108,True,
mergesort,presorted,5000,2,3,63245800,29804,0,0,0,605108,True,
mergesort,presorted,5000,2,4,62860900,29804,0,0,0,605108,True,
mergesort,presorted,5000,3,0,64040900,29804,0,0,0,605112,True,
mergesort,presorted,5000,3,1,62659700,29804,0,0,0,605108,True,
mergesort,presorted,5000,3,2,63822700,29804,0,0,0,605108,True,
mergesort,presorted,5000,3,3,66538300,29804,0,0,0,605108,True,
mergesort,presorted,5000,3,4,64200500,29804,0,0,0,605108,True,
mergesort,presorted,10000,1,0,140444000,64608,0,0,0,1211756,True,
mergesort,presorted,10000,1,1,139612100,64608,0,0,0,1211820,True,
mergesort,presorted,10000,1,2,141852600,64608,0,0,0,1211756,True,
mergesort,presorted,10000,1,3,139319900,64608,0,0,0,1211756,True,
mergesort,presorted,10000,1,4,141483000,64608,0,0,0,1211756,True,
mergesort,presorted,10000,2,0,150918700,64608,0,0,0,1211756,True,
mergesort,presorted,10000,2,1,145844700,64608,0,0,0,1211756,True,
mergesort,presorted,10000,2,2,162822400,64608,0,0,0,1211756,True,
mergesort,presorted,10000,2,3,141041700,64608,0,0,0,1211756,True,
mergesort,presorted,10000,2,4,156590100,64608,0,0,0,1211760,True,
mergesort,presorted,10000,3,0,141588500,64608,0,0,0,1211820,True,
mergesort,presorted,10000,3,1,139204800,64608,0,0,0,1211756,True,
mergesort,presorted,10000,3,2,139003200,64608,0,0,0,1211756,True,
mergesort,presorted,10000,3,3,139972500,64608,0,0,0,1211756,True,
mergesort,presorted,10000,3,4,137480100,64608,0,0,0,1211756,True,
mergesort,presorted_10pct_swaps,1000,1,0,12426600,8127,0,0,0,123748,True,
mergesort,presorted_10pct_swaps,1000,1,1,11931700,8127,0,0,0,123748,True,
mergesort,presorted_10pct_swaps,1000,1,2,11937500,8127,0,0,0,123748,True,
mergesort,presorted_10pct_swaps,1000,1,3,11846800,8127,0,0,0,123748,True,
mergesort,presorted_10pct_swaps,1000,1,4,12086300,8127,0,0,0,123748,True,
mergesort,presorted_10pct_swaps,1000,2,0,11852000,8037,0,0,0,123748,True,
mergesort,presorted_10pct_swaps,1000,2,1,11962700,8037,0,0,0,123752,True,
mergesort,presorted_10pct_swaps,1000,2,2,12271200,8037,0,0,0,123748,True,
mergesort,presorted_10pct_swaps,1000,2,3,11716100,8037,0,0,0,123748,True,
mergesort,presorted_10pct_swaps,1000,2,4,11936200,8037,0,0,0,123748,True,
mergesort,presorted_10pct_swaps,1000,3,0,11770800,7983,0,0,0,123748,True,
mergesort,presorted_10pct_swaps,1000,3,1,12123400,7983,0,0,0,123748,True,
mergesort,presorted_10pct_swaps,1000,3,2,11800200,7983,0,0,0,123748,True,
mergesort,presorted_10pct_swaps,1000,3,3,11865400,7983,0,0,0,123748,True,
mergesort,presorted_10pct_swaps,1000,3,4,11908000,7983,0,0,0,123748,True,
mergesort,presorted_10pct_swaps,5000,1,0,97063800,51208,0,0,0,606932,True,
mergesort,presorted_10pct_swaps,5000,1,1,97379900,51208,0,0,0,606932,True,
mergesort,presorted_10pct_swaps,5000,1,2,97007500,51208,0,0,0,606932,True,
mergesort,presorted_10pct_swaps,5000,1,3,99106400,51208,0,0,0,606932,True,
mergesort,presorted_10pct_swaps,5000,1,4,98392800,51208,0,0,0,606932,True,
mergesort,presorted_10pct_swaps,5000,2,0,103135800,51205,0,0,0,606932,True,
mergesort,presorted_10pct_swaps,5000,2,1,102613400,51205,0,0,0,606932,True,
mergesort,presorted_10pct_swaps,5000,2,2,109360300,51205,0,0,0,606936,True,
mergesort,presorted_10pct_swaps,5000,2,3,98040900,51205,0,0,0,606996,True,
mergesort,presorted_10pct_swaps,5000,2,4,100582100,51205,0,0,0,606932,True,
mergesort,presorted_10pct_swaps,5000,3,0,99358300,51174,0,0,0,606932,True,
mergesort,presorted_10pct_swaps,5000,3,1,97644400,51174,0,0,0,606932,True,
mergesort,presorted_10pct_swaps,5000,3,2,98210400,51174,0,0,0,606932,True,
mergesort,presorted_10pct_swaps,5000,3,3,97528700,51174,0,0,0,606932,True,
mergesort,presorted_10pct_swaps,5000,3,4,99230900,51174,0,0,0,606932,True,
mergesort,presorted_10pct_swaps,10000,1,0,224259700,112714,0,0,0,1216880,True,
mergesort,presorted_10pct_swaps,10000,1,1,220858800,112714,0,0,0,1216876,True,
mergesort,presorted_10pct_swaps,10000,1,2,221506400,112714,0,0,0,1216876,True,
mergesort,presorted_10pct_swaps,10000,1,3,234152800,112714,0,0,0,1216876,True,
mergesort,presorted_10pct_swaps,10000,1,4,219902100,112714,0,0,0,1216880,True,
mergesort,presorted_10pct_swaps,10000,2,0,220502900,112422,0,0,0,1216876,True,
mergesort,presorted_10pct_swaps,10000,2,1,221310900,112422,0,0,0,1216940,True,
mergesort,presorted_10pct_swaps,10000,2,2,224252800,112422,0,0,0,1216876,True,
mergesort,presorted_10pct_swaps,10000,2,3,223076000,112422,0,0,0,1216876,True,
mergesort,presorted_10pct_swaps,10000,2,4,220929300,112422,0,0,0,1216876,True,
mergesort,presorted_10pct_swaps,10000,3,0,226449300,112404,0,0,0,1216876,True,
mergesort,presorted_10pct_swaps,10000,3,1,221157900,112404,0,0,0,1216876,True,
mergesort,presorted_10pct_swaps,10000,3,2,242909300,112404,0,0,0,1216876,True,
mergesort,presorted_10pct_swaps,10000,3,3,220319600,112404,0,0,0,1216876,True,
mergesort,presorted_10pct_swaps,10000,3,4,222440400,112404,0,0,0,1216876,True,
mergesort,presorted_25pct_swaps,1000,1,0,12385000,8523,0,0,0,123748,True,
mergesort,presorted_25pct_swaps,1000,1,1,11928000,8523,0,0,0,123748,True,
mergesort,presorted_25pct_swaps,1000,1,2,12735600,8523,0,0,0,123748,True,
mergesort,presorted_25pct_swaps,1000,1,3,12213200,8523,0,0,0,123748,True,
mergesort,presorted_25pct_swaps,1000,1,4,12311400,8523,0,0,0,123748,True,
mergesort,presorted_25pct_swaps,1000,2,0,12348100,8461,0,0,0,123748,True,
mergesort,presorted_25pct_swaps,1000,2,1,12288200,8461,0,0,0,123748,True,
mergesort,presorted_25pct_swaps,1000,2,2,12261300,8461,0,0,0,123748,True,
mergesort,presorted_25pct_swaps,1000,2,3,13124200,8461,0,0,0,123748,True,
mergesort,presorted_25pct_swaps,1000,2,4,12425400,8461,0,0,0,123748,True,
mergesort,presorted_25pct_swaps,1000,3,0,12021800,8399,0,0,0,123812,True,
mergesort,presorted_25pct_swaps,1000,3,1,11979700,8399,0,0,0,123748,True,
mergesort,presorted_25pct_swaps,1000,3,2,12272400,8399,0,0,0,123748,True,
mergesort,presorted_25pct_swaps,1000,3,3,12417100,8399,0,0,0,123748,True,
mergesort,presorted_25pct_swaps,1000,3,4,12305700,8399,0,0,0,123748,True,
mergesort,presorted_25pct_swaps,5000,1,0,98651800,53627,0,0,0,606932,True,
mergesort,presorted_25pct_swaps,5000,1,1,100392000,53627,0,0,0,606932,True,
mergesort,presorted_25pct_swaps,5000,1,2,99267200,53627,0,0,0,606932,True,
mergesort,presorted_25pct_swaps,5000,1,3,100034800,53627,0,0,0,606932,True,
mergesort,presorted_25pct_swaps,5000,1,4,101220600,53627,0,0,0,606932,True,
mergesort,presorted_25pct_swaps,5000,2,0,99095300,53413,0,0,0,606932,True,
mergesort,presorted_25pct_swaps,5000,2,1,98913300,53413,0,0,0,606932,True,
mergesort,presorted_25pct_swaps,5000,2,2,101772400,53413,0,0,0,606932,True,
mergesort,presorted_25pct_swaps,5000,2,3,98936600,53413,0,0,0,606932,True,
mergesort,presorted_25pct_swaps,5000,2,4,100672200,53413,0,0,0,606932,True,
mergesort,presorted_25pct_swaps,5000,3,0,97829800,53853,0,0,0,606932,True,
mergesort,presorted_25pct_swaps,5000,3,1,99989000,53853,0,0,0,606932,True,
mergesort,presorted_25pct_swaps,5000,3,2,99273400,53853,0,0,0,606932,True,
mergesort,presorted_25pct_swaps,5000,3,3,99682400,53853,0,0,0,606932,True,
mergesort,presorted_25pct_swaps,5000,3,4,99040600,53853,0,0,0,606932,True,
mergesort,presorted_25pct_swaps,10000,1,0,225890900,117153,0,0,0,1216880,True,
mergesort,presorted_25pct_swaps,10000,1,1,226082900,117153,0,0,0,1216940,True,
mergesort,presorted_25pct_swaps,10000,1,2,228444900,117153,0,0,0,1216876,True,
mergesort,presorted_25pct_swaps,10000,1,3,225447400,117153,0,0,0,1216876,True,
mergesort,presorted_25pct_swaps,10000,1,4,225840700,117153,0,0,0,1216880,True,
mergesort,presorted_25pct_swaps,10000,2,0,227861800,117167,0,0,0,1216876,True,
mergesort,presorted_25pct_swaps,10000,2,1,227413000,117167,0,0,0,1216876,True,
mergesort,presorted_25pct_swaps,10000,2,2,246703700,117167,0,0,0,1216876,True,
mergesort,presorted_25pct_swaps,10000,2,3,226484700,117167,0,0,0,1216880,True,
mergesort,presorted_25pct_swaps,10000,2,4,226074500,117167,0,0,0,1216876,True,
mergesort,presorted_25pct_swaps,10000,3,0,231212900,117334,0,0,0,1216876,True,
mergesort,presorted_25pct_swaps,10000,3,1,234822700,117334,0,0,0,1216940,True,
mergesort,presorted_25pct_swaps,10000,3,2,229424900,117334,0,0,0,1216876,True,
mergesort,presorted_25pct_swaps,10000,3,3,231720400,117334,0,0,0,1216876,True,
mergesort,presorted_25pct_swaps,10000,3,4,225325600,117334,0,0,0,1216876,True,
mergesort,duplicates_10,1000,1,0,12529300,8494,0,0,0,123972,True,
mergesort,duplicates_10,1000,1,1,12504000,8494,0,0,0,123972,True,
mergesort,duplicates_10,1000,1,2,12413400,8494,0,0,0,123972,True,
mergesort,duplicates_10,1000,1,3,12039900,8494,0,0,0,123972,True,
mergesort,duplicates_10,1000,1,4,12046300,8494,0,0,0,123972,True,
mergesort,duplicates_10,1000,2,0,12319500,8508,0,0,0,123972,True,
mergesort,duplicates_10,1000,2,1,11941300,8508,0,0,0,123972,True,
mergesort,duplicates_10,1000,2,2,12530500,8508,0,0,0,123972,True,
mergesort,duplicates_10,1000,2,3,12584700,8508,0,0,0,123972,True,
mergesort,duplicates_10,1000,2,4,12202500,8508,0,0,0,123972,True,
mergesort,duplicates_10,1000,3,0,12158900,8492,0,0,0,123972,True,
mergesort,duplicates_10,1000,3,1,12141500,8492,0,0,0,123972,True,
mergesort,duplicates_10,1000,3,2,12919900,8492,0,0,0,123972,True,
mergesort,duplicates_10,1000,3,3,12319200,8492,0,0,0,123972,True,
mergesort,duplicates_10,1000,3,4,12216400,8492,0,0,0,123972,True,
mergesort,duplicates_10,5000,1,0,98346400,53425,0,0,0,606932,True,
mergesort,duplicates_10,5000,1,1,96680900,53425,0,0,0,606932,True,
mergesort,duplicates_10,5000,1,2,112156400,53425,0,0,0,606932,True,
mergesort,duplicates_10,5000,1,3,95784300,53425,0,0,0,606932,True,
mergesort,duplicates_10,5000,1,4,101524300,53425,0,0,0,606932,True,
mergesort,duplicates_10,5000,2,0,97598800,53449,0,0,0,606932,True,
mergesort,duplicates_10,5000,2,1,96444500,53449,0,0,0,606932,True,
mergesort,duplicates_10,5000,2,2,97671900,53449,0,0,0,606932,True,
mergesort,duplicates_10,5000,2,3,97873100,53449,0,0,0,606932,True,
mergesort,duplicates_10,5000,2,4,117093700,53449,0,0,0,606996,True,
mergesort,duplicates_10,5000,3,0,95974900,53638,0,0,0,606932,True,
mergesort,duplicates_10,5000,3,1,97880600,53638,0,0,0,606932,True,
mergesort,duplicates_10,5000,3,2,97053000,53638,0,0,0,606932,True,
mergesort,duplicates_10,5000,3,3,97198500,53638,0,0,0,606932,True,
mergesort,duplicates_10,5000,3,4,96152400,53638,0,0,0,606932,True,
mergesort,duplicates_10,10000,1,0,222355900,116377,0,0,0,1216880,True,
mergesort,duplicates_10,10000,1,1,220868000,116377,0,0,0,1216876,True,
mergesort,duplicates_10,10000,1,2,218350400,116377,0,0,0,1216876,True,
mergesort,duplicates_10,10000,1,3,220863400,116377,0,0,0,1216876,True,
mergesort,duplicates_10,10000,1,4,219587000,116377,0,0,0,1216880,True,
mergesort,duplicates_10,10000,2,0,221106500,116473,0,0,0,1216876,True,
mergesort,duplicates_10,10000,2,1,222155900,116473,0,0,0,1216940,True,
mergesort,duplicates_10,10000,2,2,220087600,116473,0,0,0,1216876,True,
mergesort,duplicates_10,10000,2,3,244099600,116473,0,0,0,1216880,True,
mergesort,duplicates_10,10000,2,4,223593800,116473,0,0,0,1216876,True,
mergesort,duplicates_10,10000,3,0,228435800,116819,0,0,0,1216876,True,
mergesort,duplicates_10,10000,3,1,223546200,116819,0,0,0,1216876,True,
mergesort,duplicates_10,10000,3,2,220119200,116819,0,0,0,1216876,True,
mergesort,duplicates_10,10000,3,3,222141200,116819,0,0,0,1216876,True,
mergesort,duplicates_10,10000,3,4,223928500,116819,0,0,0,1216876,True,
quicksort_3way,random,1000,1,0,72514400,16579,19164,1141,17,113788,True,
quicksort_3way,random,1000,1,1,74049000,16579,19164,1141,17,113788,True,
quicksort_3way,random,1000,1,2,73364700,16579,19164,1141,17,113788,True,
quicksort_3way,random,1000,1,3,73686300,16579,19164,1141,17,113792,True,
quicksort_3way,random,1000,1,4,74091700,16579,19164,1141,17,113788,True,
quicksort_3way,random,1000,2,0,74245500,16197,19368,1133,16,113788,True,
quicksort_3way,random,1000,2,1,72810200,16197,19368,1133,16,113788,True,
quicksort_3way,random,1000,2,2,74354000,16197,19368,1133,16,113788,True,
quicksort_3way,random,1000,2,3,74167400,16197,19368,1133,16,113788,True,
quicksort_3way,random,1000,2,4,73459700,16197,19368,1133,16,113788,True,
quicksort_3way,random,1000,3,0,79796800,17581,20960,1155,17,113788,True,
quicksort_3way,random,1000,3,1,79713900,17581,20960,1155,17,113788,True,
quicksort_3way,random,1000,3,2,81311400,17581,20960,1155,17,113788,True,
quicksort_3way,random,1000,3,3,80325700,17581,20960,1155,17,113788,True,
quicksort_3way,random,1000,3,4,81409300,17581,20960,1155,17,113788,True,
quicksort_3way,random,5000,1,0,504604300,105763,126458,5691,21,562988,True,
quicksort_3way,random,5000,1,1,497073100,105763,126458,5691,21,562816,True,
quicksort_3way,random,5000,1,2,509722500,105763,126458,5691,21,562812,True,
quicksort_3way,random,5000,1,3,504674400,105763,126458,5691,21,562816,True,
quicksort_3way,random,5000,1,4,505001900,105763,126458,5691,21,562812,True,
quicksort_3way,random,5000,2,0,525291900,109034,132260,5705,22,562816,True,
quicksort_3way,random,5000,2,1,531750000,109034,132260,5705,22,562812,True,
quicksort_3way,random,5000,2,2,530464700,109034,132260,5705,22,562816,True,
quicksort_3way,random,5000,2,3,582175700,109034,132260,5705,22,562812,True,
quicksort_3way,random,5000,2,4,533624500,109034,132260,5705,22,562812,True,
quicksort_3way,random,5000,3,0,491369000,102790,122984,5703,21,562816,True,
quicksort_3way,random,5000,3,1,496059700,102790,122984,5703,21,562812,True,
quicksort_3way,random,5000,3,2,498190600,102790,122984,5703,21,562816,True,
quicksort_3way,random,5000,3,3,497853000,102790,122984,5703,21,562812,True,
quicksort_3way,random,5000,3,4,497328800,102790,122984,5703,21,562816,True,
quicksort_3way,random,10000,1,0,1121234600,223106,277172,11417,24,1126112,True,
quicksort_3way,random,10000,1,1,1110041600,223106,277172,11417,24,1126112,True,
quicksort_3way,random,10000,1,2,1156071000,223106,277172,11417,24,1126288,True,
quicksort_3way,random,10000,1,3,1117242400,223106,277172,11417,24,1126112,True,
quicksort_3way,random,10000,1,4,1131474400,223106,277172,11417,24,1126112,True,
quicksort_3way,random,10000,2,0,1135627600,235739,282274,11397,26,1126112,True,
quicksort_3way,random,10000,2,1,1136608900,235739,282274,11397,26,1126112,True,
quicksort_3way,random,10000,2,2,1168818800,235739,282274,11397,26,1126112,True,
quicksort_3way,random,10000,2,3,1157361400,235739,282274,11397,26,1126112,True,
quicksort_3way,random,10000,2,4,1160969500,235739,282274,11397,26,1126112,True,
quicksort_3way,random,10000,3,0,1086865500,220394,270336,11431,23,1126112,True,
quicksort_3way,random,10000,3,1,1113570700,220394,270336,11431,23,1126288,True,
quicksort_3way,random,10000,3,2,1089441200,220394,270336,11431,23,1126112,True,
quicksort_3way,random,10000,3,3,1082972300,220394,270336,11431,23,1126112,True,
quicksort_3way,random,10000,3,4,1098125500,220394,270336,11431,23,1126112,True,
quicksort_3way,reverse,1000,1,0,99901900,24520,26412,1155,27,113788,True,
quicksort_3way,reverse,1000,1,1,99122100,24520,26412,1155,27,113788,True,
quicksort_3way,reverse,1000,1,2,98572000,24520,26412,1155,27,113788,True,
quicksort_3way,reverse,1000,1,3,98725400,24520,26412,1155,27,113788,True,
quicksort_3way,reverse,1000,1,4,100226600,24520,26412,1155,27,113788,True,
quicksort_3way,reverse,1000,2,0,99347000,24520,26412,1155,27,113788,True,
quicksort_3way,reverse,1000,2,1,99009500,24520,26412,1155,27,113788,True,
quicksort_3way,reverse,1000,2,2,101624900,24520,26412,1155,27,113792,True,
quicksort_3way,reverse,1000,2,3,99546000,24520,26412,1155,27,113788,True,
quicksort_3way,reverse,1000,2,4,100628900,24520,26412,1155,27,113788,True,
quicksort_3way,reverse,1000,3,0,99954600,24520,26412,1155,27,113788,True,
quicksort_3way,reverse,1000,3,1,99834600,24520,26412,1155,27,113788,True,
quicksort_3way,reverse,1000,3,2,100319700,24520,26412,1155,27,113788,True,
quicksort_3way,reverse,1000,3,3,98581100,24520,26412,1155,27,113788,True,
quicksort_3way,reverse,1000,3,4,98185000,24520,26412,1155,27,113788,True,
quicksort_3way,reverse,5000,1,0,1023548500,238874,251582,5747,60,562816,True,
quicksort_3way,reverse,5000,1,1,1028552500,238874,251582,5747,60,562816,True,
quicksort_3way,reverse,5000,1,2,1040307000,238874,251582,5747,60,562816,True,
quicksort_3way,reverse,5000,1,3,1042397200,238874,251582,5747,60,562816,True,
quicksort_3way,reverse,5000,1,4,1031831700,238874,251582,5747,60,562816,True,
quicksort_3way,reverse,5000,2,0,1020323000,238874,251582,5747,60,562816,True,
quicksort_3way,reverse,5000,2,1,1030211400,238874,251582,5747,60,562816,True,
quicksort_3way,reverse,5000,2,2,1028575500,238874,251582,5747,60,562816,True,
quicksort_3way,reverse,5000,2,3,1073932200,238874,251582,5747,60,562816,True,
quicksort_3way,reverse,5000,2,4,1037245100,238874,251582,5747,60,562992,True,
quicksort_3way,reverse,5000,3,0,1021350800,238874,251582,5747,60,562816,True,
quicksort_3way,reverse,5000,3,1,1032593800,238874,251582,5747,60,562816,True,
quicksort_3way,reverse,5000,3,2,1046106300,238874,251582,5747,60,562816,True,
quicksort_3way,reverse,5000,3,3,1029493200,238874,251582,5747,60,562816,True,
quicksort_3way,reverse,5000,3,4,1022520200,238874,251582,5747,60,562816,True,
quicksort_3way,reverse,10000,1,0,2831558800,648613,676570,11521,80,1126112,True,
quicksort_3way,reverse,10000,1,1,2800061100,648613,676570,11521,80,1126112,True,
quicksort_3way,reverse,10000,1,2,2793020000,648613,676570,11521,80,1126112,True,
quicksort_3way,reverse,10000,1,3,2848202000,648613,676570,11521,80,1126112,True,
quicksort_3way,reverse,10000,1,4,2875917400,648613,676570,11521,80,1126112,True,
quicksort_3way,reverse,10000,2,0,2934759000,648613,676570,11521,80,1126112,True,
quicksort_3way,reverse,10000,2,1,2900228400,648613,676570,11521,80,1126288,True,
quicksort_3way,reverse,10000,2,2,2912408400,648613,676570,11521,80,1126112,True,
quicksort_3way,reverse,10000,2,3,2945698300,648613,676570,11521,80,1126112,True,
quicksort_3way,reverse,10000,2,4,2903225500,648613,676570,11521,80,1126112,True,
quicksort_3way,reverse,10000,3,0,2897874800,648613,676570,11521,80,1126112,True,
quicksort_3way,reverse,10000,3,1,2993843500,648613,676570,11521,80,1126112,True,
quicksort_3way,reverse,10000,3,2,2982657000,648613,676570,11521,80,1126112,True,
quicksort_3way,reverse,10000,3,3,2811536500,648613,676570,11521,80,1126112,True,
quicksort_3way,reverse,10000,3,4,3055189900,648613,676570,11521,80,1126112,True,
quicksort_3way,presorted,1000,1,0,110561400,24520,26412,1155,27,113788,True,
quicksort_3way,presorted,1000,1,1,105786200,24520,26412,1155,27,113792,True,
quicksort_3way,presorted,1000,1,2,102150200,24520,26412,1155,27,113788,True,
quicksort_3way,presorted,1000,1,3,101897700,24520,26412,1155,27,113788,True,
quicksort_3way,presorted,1000,1,4,111779300,24520,26412,1155,27,113788,True,
quicksort_3way,presorted,1000,2,0,103798200,24520,26412,1155,27,113788,True,
quicksort_3way,presorted,1000,2,1,117170500,24520,26412,1155,27,113788,True,
quicksort_3way,presorted,1000,2,2,151406500,24520,26412,1155,27,113788,True,
quicksort_3way,presorted,1000,2,3,118925400,24520,26412,1155,27,113788,True,
quicksort_3way,presorted,1000,2,4,112648200,24520,26412,1155,27,113792,True,
quicksort_3way,presorted,1000,3,0,107873000,24520,26412,1155,27,113788,True,
quicksort_3way,presorted,1000,3,1,114787500,24520,26412,1155,27,113788,True,
quicksort_3way,presorted,1000,3,2,103035000,24520,26412,1155,27,113788,True,
quicksort_3way,presorted,1000,3,3,101515900,24520,26412,1155,27,113788,True,
quicksort_3way,presorted,1000,3,4,101240800,24520,26412,1155,27,113788,True,
quicksort_3way,presorted,5000,1,0,1075913300,238874,251582,5747,60,562992,True,
quicksort_3way,presorted,5000,1,1,1095593300,238874,251582,5747,60,562816,True,
quicksort_3way,presorted,5000,1,2,1128257400,238874,251582,5747,60,562816,True,
quicksort_3way,presorted,5000,1,3,1194149600,238874,251582,5747,60,562816,True,
quicksort_3way,presorted,5000,1,4,1023627700,238874,251582,5747,60,562816,True,
quicksort_3way,presorted,5000,2,0,1032364200,238874,251582,5747,60,562816,True,
quicksort_3way,presorted,5000,2,1,1048179800,238874,251582,5747,60,562816,True,
quicksort_3way,presorted,5000,2,2,1010519000,238874,251582,5747,60,562816,True,
quicksort_3way,presorted,5000,2,3,1013227100,238874,251582,5747,60,562816,True,
quicksort_3way,presorted,5000,2,4,1021119300,238874,251582,5747,60,562816,True,
quicksort_3way,presorted,5000,3,0,1028914500,238874,251582,5747,60,562816,True,
quicksort_3way,presorted,5000,3,1,1016625200,238874,251582,5747,60,562816,True,
quicksort_3way,presorted,5000,3,2,1025268600,238874,251582,5747,60,562816,True,
quicksort_3way,presorted,5000,3,3,1028578500,238874,251582,5747,60,562816,True,
quicksort_3way,presorted,5000,3,4,1022481200,238874,251582,5747,60,562816,True,
quicksort_3way,presorted,10000,1,0,2823315100,648613,676570,11521,80,1126112,True,
quicksort_3way,presorted,10000,1,1,2789400100,648613,676570,11521,80,1126112,True,
quicksort_3way,presorted,10000,1,2,2803627200,648613,676570,11521,80,1126288,True,
quicksort_3way,presorted,10000,1,3,2814752200,648613,676570,11521,80,1126112,True,
quicksort_3way,presorted,10000,1,4,2785478700,648613,676570,11521,80,1126112,True,
quicksort_3way,presorted,10000,2,0,2795045000,648613,676570,11521,80,1126112,True,
quicksort_3way,presorted,10000,2,1,2783194900,648613,676570,11521,80,1126112,True,
quicksort_3way,presorted,10000,2,2,3209295300,648613,676570,11521,80,1126112,True,
quicksort_3way,presorted,10000,2,3,2879559300,648613,676570,11521,80,1126112,True,
quicksort_3way,presorted,10000,2,4,2928833300,648613,676570,11521,80,1126112,True,
quicksort_3way,presorted,10000,3,0,2874498800,648613,676570,11521,80,1126112,True,
quicksort_3way,presorted,10000,3,1,2886673000,648613,676570,11521,80,1126288,True,
quicksort_3way,presorted,10000,3,2,2778513400,648613,676570,11521,80,1126112,True,
quicksort_3way,presorted,10000,3,3,2803921900,648613,676570,11521,80,1126112,True,
quicksort_3way,presorted,10000,3,4,2875546500,648613,676570,11521,80,1126112,True,
quicksort_3way,presorted_10pct_swaps,1000,1,0,84085500,19381,21426,1151,18,113788,True,
quicksort_3way,presorted_10pct_swaps,1000,1,1,81592100,19381,21426,1151,18,113788,True,
quicksort_3way,presorted_10pct_swaps,1000,1,2,81160300,19381,21426,1151,18,113788,True,
quicksort_3way,presorted_10pct_swaps,1000,1,3,81177400,19381,21426,1151,18,113788,True,
quicksort_3way,presorted_10pct_swaps,1000,1,4,81668100,19381,21426,1151,18,113788,True,
quicksort_3way,presorted_10pct_swaps,1000,2,0,76177100,17796,19848,1161,18,113788,True,
quicksort_3way,presorted_10pct_swaps,1000,2,1,74907800,17796,19848,1161,18,113788,True,
quicksort_3way,presorted_10pct_swaps,1000,2,2,93467800,17796,19848,1161,18,113788,True,
quicksort_3way,presorted_10pct_swaps,1000,2,3,76811200,17796,19848,1161,18,113788,True,
quicksort_3way,presorted_10pct_swaps,1000,2,4,75805500,17796,19848,1161,18,113788,True,
quicksort_3way,presorted_10pct_swaps,1000,3,0,73787600,16990,19258,1145,17,113788,True,
quicksort_3way,presorted_10pct_swaps,1000,3,1,73099400,16990,19258,1145,17,113788,True,
quicksort_3way,presorted_10pct_swaps,1000,3,2,74576600,16990,19258,1145,17,113788,True,
quicksort_3way,presorted_10pct_swaps,1000,3,3,72586700,16990,19258,1145,17,113788,True,
quicksort_3way,presorted_10pct_swaps,1000,3,4,72658000,16990,19258,1145,17,113788,True,
quicksort_3way,presorted_10pct_swaps,5000,1,0,509061100,111389,126988,5761,23,562816,True,
quicksort_3way,presorted_10pct_swaps,5000,1,1,497503900,111389,126988,5761,23,562812,True,
quicksort_3way,presorted_10pct_swaps,5000,1,2,499668100,111389,126988,5761,23,562816,True,
quicksort_3way,presorted_10pct_swaps,5000,1,3,505202000,111389,126988,5761,23,562812,True,
quicksort_3way,presorted_10pct_swaps,5000,1,4,504373200,111389,126988,5761,23,562816,True,
quicksort_3way,presorted_10pct_swaps,5000,2,0,538887300,107495,124072,5717,22,562812,True,
quicksort_3way,presorted_10pct_swaps,5000,2,1,494013000,107495,124072,5717,22,562816,True,
quicksort_3way,presorted_10pct_swaps,5000,2,2,523580400,107495,124072,5717,22,562812,True,
quicksort_3way,presorted_10pct_swaps,5000,2,3,499766300,107495,124072,5717,22,562816,True,
quicksort_3way,presorted_10pct_swaps,5000,2,4,497400600,107495,124072,5717,22,562812,True,
quicksort_3way,presorted_10pct_swaps,5000,3,0,498854900,110240,127054,5735,22,562992,True,
quicksort_3way,presorted_10pct_swaps,5000,3,1,505477300,110240,127054,5735,22,562812,True,
quicksort_3way,presorted_10pct_swaps,5000,3,2,526060800,110240,127054,5735,22,562812,True,
quicksort_3way,presorted_10pct_swaps,5000,3,3,498131700,110240,127054,5735,22,562816,True,
quicksort_3way,presorted_10pct_swaps,5000,3,4,519874900,110240,127054,5735,22,562812,True,
quicksort_3way,presorted_10pct_swaps,10000,1,0,1146976900,246629,284684,11493,24,1126112,True,
quicksort_3way,presorted_10pct_swaps,10000,1,1,1147706000,246629,284684,11493,24,1126112,True,
quicksort_3way,presorted_10pct_swaps,10000,1,2,1134223700,246629,284684,11493,24,1126112,True,
quicksort_3way,presorted_10pct_swaps,10000,1,3,1129538700,246629,284684,11493,24,1126112,True,
quicksort_3way,presorted_10pct_swaps,10000,1,4,1153557500,246629,284684,11493,24,1126112,True,
quicksort_3way,presorted_10pct_swaps,10000,2,0,1064176200,232025,268406,11479,23,1126112,True,
quicksort_3way,presorted_10pct_swaps,10000,2,1,1069986400,232025,268406,11479,23,1126112,True,
quicksort_3way,presorted_10pct_swaps,10000,2,2,1066205000,232025,268406,11479,23,1126288,True,
quicksort_3way,presorted_10pct_swaps,10000,2,3,1060878600,232025,268406,11479,23,1126112,True,
quicksort_3way,presorted_10pct_swaps,10000,2,4,1064356300,232025,268406,11479,23,1126112,True,
quicksort_3way,presorted_10pct_swaps,10000,3,0,1422188400,312417,351168,11497,32,1126112,True,
quicksort_3way,presorted_10pct_swaps,10000,3,1,1426490200,312417,351168,11497,32,1126112,True,
quicksort_3way,presorted_10pct_swaps,10000,3,2,1400231100,312417,351168,11497,32,1126112,True,
quicksort_3way,presorted_10pct_swaps,10000,3,3,1414505300,312417,351168,11497,32,1126112,True,
quicksort_3way,presorted_10pct_swaps,10000,3,4,1388484200,312417,351168,11497,32,1126112,True,
quicksort_3way,presorted_25pct_swaps,1000,1,0,80960700,19337,21424,1133,20,113788,True,
quicksort_3way,presorted_25pct_swaps,1000,1,1,81045400,19337,21424,1133,20,113788,True,
quicksort_3way,presorted_25pct_swaps,1000,1,2,81622300,19337,21424,1133,20,113788,True,
quicksort_3way,presorted_25pct_swaps,1000,1,3,81225400,19337,21424,1133,20,113788,True,
quicksort_3way,presorted_25pct_swaps,1000,1,4,81448700,19337,21424,1133,20,113788,True,
quicksort_3way,presorted_25pct_swaps,1000,2,0,75891200,17115,19624,1141,16,113788,True,
quicksort_3way,presorted_25pct_swaps,1000,2,1,74840100,17115,19624,1141,16,113788,True,
quicksort_3way,presorted_25pct_swaps,1000,2,2,74043400,17115,19624,1141,16,113788,True,
quicksort_3way,presorted_25pct_swaps,1000,2,3,75123900,17115,19624,1141,16,113788,True,
quicksort_3way,presorted_25pct_swaps,1000,2,4,74321400,17115,19624,1141,16,113788,True,
quicksort_3way,presorted_25pct_swaps,1000,3,0,84763000,16941,19314,1143,16,113788,True,
quicksort_3way,presorted_25pct_swaps,1000,3,1,93722300,16941,19314,1143,16,113788,True,
quicksort_3way,presorted_25pct_swaps,1000,3,2,73174800,16941,19314,1143,16,113788,True,
quicksort_3way,presorted_25pct_swaps,1000,3,3,73183800,16941,19314,1143,16,113792,True,
quicksort_3way,presorted_25pct_swaps,1000,3,4,74776200,16941,19314,1143,16,113788,True,
quicksort_3way,presorted_25pct_swaps,5000,1,0,530252900,111167,129522,5741,20,562812,True,
quicksort_3way,presorted_25pct_swaps,5000,1,1,506973800,111167,129522,5741,20,562992,True,
quicksort_3way,presorted_25pct_swaps,5000,1,2,516800700,111167,129522,5741,20,562812,True,
quicksort_3way,presorted_25pct_swaps,5000,1,3,518234600,111167,129522,5741,20,562816,True,
quicksort_3way,presorted_25pct_swaps,5000,1,4,527119800,111167,129522,5741,20,562812,True,
quicksort_3way,presorted_25pct_swaps,5000,2,0,523737300,111913,130838,5747,24,562816,True,
quicksort_3way,presorted_25pct_swaps,5000,2,1,543005900,111913,130838,5747,24,562812,True,
quicksort_3way,presorted_25pct_swaps,5000,2,2,518032400,111913,130838,5747,24,562812,True,
quicksort_3way,presorted_25pct_swaps,5000,2,3,519263400,111913,130838,5747,24,562816,True,
quicksort_3way,presorted_25pct_swaps,5000,2,4,528176100,111913,130838,5747,24,562812,True,
quicksort_3way,presorted_25pct_swaps,5000,3,0,486729100,104242,122204,5713,20,562816,True,
quicksort_3way,presorted_25pct_swaps,5000,3,1,482253200,104242,122204,5713,20,562812,True,
quicksort_3way,presorted_25pct_swaps,5000,3,2,511754300,104242,122204,5713,20,562816,True,
quicksort_3way,presorted_25pct_swaps,5000,3,3,482832000,104242,122204,5713,20,562812,True,
quicksort_3way,presorted_25pct_swaps,5000,3,4,484962100,104242,122204,5713,20,562816,True,
quicksort_3way,presorted_25pct_swaps,10000,1,0,1132273500,240810,283846,11487,25,1126112,True,
quicksort_3way,presorted_25pct_swaps,10000,1,1,1142408700,240810,283846,11487,25,1126112,True,
quicksort_3way,presorted_25pct_swaps,10000,1,2,1125026500,240810,283846,11487,25,1126288,True,
quicksort_3way,presorted_25pct_swaps,10000,1,3,1131405400,240810,283846,11487,25,1126112,True,
quicksort_3way,presorted_25pct_swaps,10000,1,4,1194463400,240810,283846,11487,25,1126112,True,
quicksort_3way,presorted_25pct_swaps,10000,2,0,1100569700,234625,275214,11507,25,1126112,True,
quicksort_3way,presorted_25pct_swaps,10000,2,1,1114478100,234625,275214,11507,25,1126112,True,
quicksort_3way,presorted_25pct_swaps,10000,2,2,1089888300,234625,275214,11507,25,1126112,True,
quicksort_3way,presorted_25pct_swaps,10000,2,3,1096966200,234625,275214,11507,25,1126112,True,
quicksort_3way,presorted_25pct_swaps,10000,2,4,1095216400,234625,275214,11507,25,1126112,True,
quicksort_3way,presorted_25pct_swaps,10000,3,0,1076569000,229103,269478,11445,22,1126112,True,
quicksort_3way,presorted_25pct_swaps,10000,3,1,1072397400,229103,269478,11445,22,1126112,True,
quicksort_3way,presorted_25pct_swaps,10000,3,2,1071592200,229103,269478,11445,22,1126288,True,
quicksort_3way,presorted_25pct_swaps,10000,3,3,1082601800,229103,269478,11445,22,1126112,True,
quicksort_3way,presorted_25pct_swaps,10000,3,4,1075686300,229103,269478,11445,22,1126112,True,
quicksort_3way,duplicates_10,1000,1,0,17013600,5162,4268,21,6,113756,True,
quicksort_3way,duplicates_10,1000,1,1,16945100,5162,4268,21,6,113756,True,
quicksort_3way,duplicates_10,1000,1,2,16682800,5162,4268,21,6,113760,True,
quicksort_3way,duplicates_10,1000,1,3,16968900,5162,4268,21,6,113756,True,
quicksort_3way,duplicates_10,1000,1,4,17138000,5162,4268,21,6,113756,True,
quicksort_3way,duplicates_10,1000,2,0,18465600,5658,4654,21,6,113756,True,
quicksort_3way,duplicates_10,1000,2,1,18338000,5658,4654,21,6,113756,True,
quicksort_3way,duplicates_10,1000,2,2,18258900,5658,4654,21,6,113756,True,
quicksort_3way,duplicates_10,1000,2,3,18783100,5658,4654,21,6,113756,True,
quicksort_3way,duplicates_10,1000,2,4,18495700,5658,4654,21,6,113756,True,
quicksort_3way,duplicates_10,1000,3,0,19195900,5342,4866,21,6,113756,True,
quicksort_3way,duplicates_10,1000,3,1,20774800,5342,4866,21,6,113756,True,
quicksort_3way,duplicates_10,1000,3,2,18869500,5342,4866,21,6,113756,True,
quicksort_3way,duplicates_10,1000,3,3,20040700,5342,4866,21,6,113756,True,
quicksort_3way,duplicates_10,1000,3,4,19133700,5342,4866,21,6,113756,True,
quicksort_3way,duplicates_10,5000,1,0,89028300,27598,21066,21,6,562780,True,
quicksort_3way,duplicates_10,5000,1,1,88911200,27598,21066,21,6,562780,True,
quicksort_3way,duplicates_10,5000,1,2,113401800,27598,21066,21,6,562780,True,
quicksort_3way,duplicates_10,5000,1,3,88457100,27598,21066,21,6,562780,True,
quicksort_3way,duplicates_10,5000,1,4,87961500,27598,21066,21,6,562780,True,
quicksort_3way,duplicates_10,5000,2,0,110508900,33446,25950,21,6,562780,True,
quicksort_3way,duplicates_10,5000,2,1,107594800,33446,25950,21,6,562784,True,
quicksort_3way,duplicates_10,5000,2,2,109774400,33446,25950,21,6,562780,True,
quicksort_3way,duplicates_10,5000,2,3,108554500,33446,25950,21,6,562780,True,
quicksort_3way,duplicates_10,5000,2,4,107593400,33446,25950,21,6,562780,True,
quicksort_3way,duplicates_10,5000,3,0,85770200,25118,20160,21,6,562780,True,
quicksort_3way,duplicates_10,5000,3,1,86842700,25118,20160,21,6,562956,True,
quicksort_3way,duplicates_10,5000,3,2,87109100,25118,20160,21,6,562780,True,
quicksort_3way,duplicates_10,5000,3,3,95607400,25118,20160,21,6,562780,True,
quicksort_3way,duplicates_10,5000,3,4,87383700,25118,20160,21,6,562780,True,
quicksort_3way,duplicates_10,10000,1,0,195374400,54951,45936,21,7,1126076,True,
quicksort_3way,duplicates_10,10000,1,1,198386900,54951,45936,21,7,1126076,True,
quicksort_3way,duplicates_10,10000,1,2,195987800,54951,45936,21,7,1126076,True,
quicksort_3way,duplicates_10,10000,1,3,194515600,54951,45936,21,7,1126076,True,
quicksort_3way,duplicates_10,10000,1,4,194511800,54951,45936,21,7,1126080,True,
quicksort_3way,duplicates_10,10000,2,0,253364000,73600,61524,21,7,1126076,True,
quicksort_3way,duplicates_10,10000,2,1,252939100,73600,61524,21,7,1126076,True,
quicksort_3way,duplicates_10,10000,2,2,255137200,73600,61524,21,7,1126252,True,
quicksort_3way,duplicates_10,10000,2,3,251192900,73600,61524,21,7,1126076,True,
quicksort_3way,duplicates_10,10000,2,4,254859300,73600,61524,21,7,1126076,True,
quicksort_3way,duplicates_10,10000,3,0,180052000,48866,37788,21,5,1126076,True,
quicksort_3way,duplicates_10,10000,3,1,163541400,48866,37788,21,5,1126076,True,
quicksort_3way,duplicates_10,10000,3,2,164851000,48866,37788,21,5,1126080,True,
quicksort_3way,duplicates_10,10000,3,3,163807000,48866,37788,21,5,1126076,True,
quicksort_3way,duplicates_10,10000,3,4,163248800,48866,37788,21,5,1126076,True,
